"","Player","Team","Position","GP","TOI","TOI/GP","Goals/60","Total Assists/60","First Assists/60","Second Assists/60","Total Points/60","IPP","Shots/60","SH%","ixG/60","iCF/60","iFF/60","iSCF/60","iHDCF/60","Rush Attempts/60","Rebounds Created/60","PIM/60","Total Penalties/60","Minor/60","Major/60","Misconduct/60","Penalties Drawn/60","Giveaways/60","Takeaways/60","Hits/60","Hits Taken/60","Shots Blocked/60","Faceoffs Won/60","Faceoffs Lost/60","Faceoffs %"
"178","Darren Raddysh","T.B","D","82","60.616666666667","0.73922764227642","0.99","5.94","0.99","4.95","6.93","77.78","5.94","16.67","0.46","12.87","9.9","2.97","0","0","2.97","1.98","0.99","0.99","0","0","0","1.98","0","0.99","0","1.98","0","0","-"
"219","Adam Fox","NYR","D","72","255.83333333333","3.5532407407407","1.41","6.33","2.11","4.22","7.74","64.71","8.21","17.14","0.82","17.12","11.02","5.86","0.7","0","1.41","1.88","0.94","0.94","0","0","0.7","1.41","0.94","0.23","0.94","1.41","0","0","-"
"114","Shayne Gostisbehere","DET","D","81","270.88333333333","3.3442386831276","0.44","5.98","1.77","4.21","6.42","69.05","10.41","4.26","0.84","22.59","15.28","6.2","0.89","0","2.21","0.89","0.44","0.44","0","0","0.22","1.55","0.66","0.44","0.22","1.55","0","0","-"
"249","Jason Robertson","DAL","L","82","228.01666666667","2.7806910569106","2.37","5","0.79","4.21","7.37","71.79","13.95","16.98","1.75","28.42","20","16.05","5","0","2.37","0.53","0.26","0.26","0","0","0.26","1.32","0.26","0.79","2.11","0","0","0","-"
"104","Brady Skjei","CAR","D","80","80.7","1.00875","0.74","8.18","4.46","3.72","8.92","63.16","11.9","6.25","0.86","22.3","16.36","4.46","0","0","0","1.49","0.74","0.74","0","0","0","0","0","0","0","1.49","0","0","-"
"44","Victor Hedman","T.B","D","78","273.45","3.5057692307692","0.88","5.92","2.41","3.51","6.8","59.62","9.22","9.52","0.75","20.63","12.51","8.78","0.22","0","1.76","0.88","0.44","0.44","0","0","0","1.97","0.44","0.44","0.22","0.66","0","0","-"
"322","Tim Stützle","OTT","C","75","258.33333333333","3.4444444444444","0.23","4.41","0.93","3.48","4.65","68.97","7.9","2.94","1.04","18.35","10.68","10.68","1.63","0","1.86","0.46","0.23","0.23","0","0","0.7","4.88","0.7","0.7","2.79","0.23","3.48","2.09","14.52"
"232","Filip Hronek","VAN","D","81","139.13333333333","1.717695473251","0.86","3.88","0.43","3.45","4.74","64.71","9.49","9.09","1.24","27.6","17.68","8.19","1.29","0","1.29","0","0","0","0","0","0","0.86","0","1.72","0.86","0","0","0","-"
"185","Connor McDavid","EDM","C","76","259.21666666667","3.4107456140351","1.62","8.56","5.32","3.24","10.18","78.57","14.58","11.11","2.14","23.38","17.82","14.81","4.63","0","1.85","1.85","0.93","0.93","0","0","0.69","2.55","0.69","0.93","4.4","0","4.4","4.4","11.57"
"255","Cale Makar","COL","D","77","316.41666666667","4.1093073593074","1.33","6.07","2.84","3.22","7.4","69.64","13.46","9.86","1.12","32.43","21.05","10.05","0.57","0.19","2.84","0.76","0.38","0.38","0","0","0.38","1.14","0.38","0.19","0.38","0.95","0","0","-"
"269","Evan Bouchard","EDM","D","81","279.61666666667","3.4520576131687","1.72","5.79","2.57","3.22","7.51","61.40","12.45","13.79","0.92","27.47","16.31","7.72","0.21","0","1.72","0.43","0.21","0.21","0","0","0.21","1.29","1.5","0.43","0.64","0.86","0","0","-"
"73","Mikael Granlund","S.J","C","69","205.48333333333","2.9780193236715","0.29","6.42","3.21","3.21","6.72","76.67","7.59","3.85","0.9","18.4","11.39","8.18","1.75","0","0.58","1.75","0.88","0.88","0","0","0","1.17","0.58","0.88","1.75","0.29","8.18","9.05","13.86"
"195","Mathew Barzal","NYI","C","80","248.13333333333","3.1016666666667","1.21","4.84","1.69","3.14","6.05","69.44","10.16","11.90","0.97","17.17","13.06","7.74","1.21","0","0.73","2.9","1.45","1.45","0","0","0.24","3.87","0.24","0.48","1.93","0.48","0","0","-"
"87","Nikita Kucherov","T.B","R","81","329.4","4.0666666666667","2.37","7.29","4.19","3.1","9.65","84.13","14.21","16.67","1.78","27.87","21.86","8.74","2","0","2","1.09","0.55","0.55","0","0","0.55","3.28","0.91","0.36","1.64","0","0","0","-"
"131","Shea Theodore","VGK","D","47","154.96666666667","3.2971631205674","0.77","5.03","1.94","3.1","5.81","83.33","6.97","11.11","0.51","21.29","12","2.71","0.39","0","1.16","0","0","0","0","0","0.39","0.77","0","0.39","1.16","0.77","0","0","-"
"127","Oliver Bjorkstrand","SEA","R","82","194.55","2.3725609756098","2.47","5.24","2.16","3.08","7.71","78.13","12.03","20.51","1.57","32.07","22.21","15.42","2.78","0","3.39","1.23","0.62","0.62","0","0","0.62","0.31","0.93","0.31","4.32","0.31","0","0.31","0.00"
"137","Nathan MacKinnon","COL","C","82","370.3","4.5158536585366","1.62","6.16","3.08","3.08","7.78","73.85","19.44","8.33","1.84","32.24","25.44","13.12","1.3","0","1.46","0","0","0","0","0","0.65","2.59","0.32","0.32","1.3","0","7.94","6.32","9.02"
"211","Artemi Panarin","NYR","L","82","293.68333333333","3.5815040650406","2.25","6.74","3.68","3.06","8.99","74.58","17.37","12.94","1.49","39.84","23.7","13.69","1.02","0","3.06","0.82","0.41","0.41","0","0","0.2","2.66","0.2","0.41","0.61","0.61","0","0.2","0.00"
"158","Kevin Fiala","L.A","L","82","258.4","3.1512195121951","2.79","4.41","1.39","3.02","7.2","75.61","13.24","21.05","1.98","28.1","20.67","15.09","3.25","0","1.63","3.25","0.7","0.46","0","0.23","0","2.09","0.7","0.93","1.86","0.23","0","0","-"
"229","Mikhail Sergachev","T.B","D","34","60.15","1.7691176470588","0","6.98","3.99","2.99","6.98","63.64","8.98","0.00","0.69","26.93","13.97","6.98","0","0","2.99","0","0","0","0","0","1","0","0","0","0","1","0","0","-"
"267","Quinn Hughes","VAN","D","82","322.06666666667","3.9276422764228","0.93","6.15","3.17","2.98","7.08","73.08","8.94","10.42","0.65","23.47","13.23","8.01","0.19","0","2.05","1.12","0.56","0.56","0","0","0.75","1.12","1.12","0.93","1.49","0.37","0","0","-"
"344","Luke Hughes","N.J","D","82","284.03333333333","3.4638211382114","0.84","4.44","1.48","2.96","5.28","58.14","7.6","11.11","0.55","26.62","11.2","7.6","0.42","0","2.53","0.42","0.21","0.21","0","0","0","3.38","0.84","0.21","3.38","0","0","0","-"
"88","Ryan Nugent-Hopkins","EDM","C","80","267.6","3.345","0.9","4.93","2.02","2.91","5.83","46.43","8.3","10.81","1.36","18.16","12.56","14.13","3.81","0","1.57","0.45","0.22","0.22","0","0","0","0.67","1.57","0.45","0.67","0","0","1.35","0.00"
"102","Morgan Rielly","TOR","D","72","190.58333333333","2.6469907407407","0.31","5.98","3.15","2.83","6.3","60.61","6.61","4.76","0.76","15.43","10.7","6.3","1.57","0","1.57","1.26","0.63","0.63","0","0","0.31","1.26","0.31","1.89","1.26","2.52","0","0","-"
"257","Neal Pionk","WPG","D","82","148.25","1.8079268292683","0.4","2.83","0","2.83","3.24","61.54","10.12","4.00","0.63","19.02","12.55","5.67","0.4","0","1.62","1.62","0.81","0.81","0","0","0","0.81","1.21","3.24","0.81","0","0","0","-"
"138","Aleksander Barkov","FLA","C","73","256.16666666667","3.5091324200913","1.17","5.62","2.81","2.81","6.79","70.73","13.12","8.93","1.53","23.42","18.04","11.95","3.98","0","1.17","0","0","0","0","0","0","1.17","0.23","0.94","3.04","0.47","32.56","18.97","14.80"
"169","Brandon Montour","FLA","D","66","257.78333333333","3.9058080808081","0.23","3.72","0.93","2.79","3.96","41.46","6.52","3.57","0.53","18.62","9.78","6.52","1.16","0","1.16","0","0","0","0","0","0.23","2.09","0.47","1.86","0.93","0.23","0","0","-"
"2","Brent Burns","CAR","D","82","216.43333333333","2.6394308943089","1.11","4.44","1.66","2.77","5.54","51.28","11.37","9.76","0.89","23.29","15.8","6.38","0","0","2.77","0","0","0","0","0","0.28","1.66","0.55","0.28","0","0.28","0","0","-"
"167","Adrian Kempe","L.A","R","77","239.21666666667","3.10670995671","1.25","5.52","2.76","2.76","6.77","71.05","12.79","9.80","1.74","30.35","21.07","12.04","2.76","0","3.01","1","0.25","0.25","0","0","0.25","1","0.5","2.01","1","0","0.5","0.75","10.03"
"147","Josh Morrissey","WPG","D","81","266.8","3.2938271604938","0.45","3.82","1.12","2.7","4.27","59.38","8.55","5.26","0.73","22.49","12.59","7.2","0.45","0","1.57","0","0","0","0","0","0","1.12","0.67","0.9","1.35","1.35","0","0","-"
"166","David Pastrnak","BOS","R","82","311.66666666667","3.8008130081301","2.31","4.43","1.73","2.7","6.74","74.47","18.48","12.50","1.88","36.39","25.6","15.21","1.93","0","2.7","0.77","0.39","0.39","0","0","0.19","3.66","0.58","0.96","4.43","0.19","0","0.58","0.00"
"338","Janis Moser","ARI","D","80","67.066666666667","0.83833333333333","0","2.68","0","2.68","2.68","60.00","3.58","0.00","0.38","10.74","7.16","3.58","0","0","0","0","0","0","0","0","0","0.89","0","0","0","0","0","0","-"
"156","William Nylander","TOR","R","82","276.63333333333","3.3735772357724","2.39","5.21","2.6","2.6","7.59","72.92","18.44","12.94","2.09","33.84","24.51","16.92","5.86","0.22","2.82","0.43","0.22","0.22","0","0","0","2.17","0.43","0","2.6","0.22","0","0","-"
"324","Brock Faber","MIN","D","82","210.2","2.5634146341463","0.86","3.71","1.14","2.57","4.57","51.61","9.42","9.09","0.66","18.55","12.56","5.14","0.29","0","2.28","0","0","0","0","0","0","1.14","0","0","1.71","0.86","0","0","-"
"17","Jamie Benn","DAL","L","82","191.03333333333","2.329674796748","2.2","4.71","2.2","2.51","6.91","62.86","12.56","17.50","2.37","21.36","17.59","16.96","10.36","0","2.83","3.77","1.57","1.57","0","0","0.63","1.57","0.63","0.31","2.2","0.31","31.72","23.24","18.13"
"198","Zach Werenski","CBJ","D","70","190.93333333333","2.727619047619","0.63","3.14","0.63","2.51","3.77","66.67","8.8","7.14","0.67","20.74","12.88","6.6","0.63","0","1.89","1.89","0.94","0.94","0","0","0","0","0","0.31","0.94","0.63","0","0","-"
"24","Max Pacioretty","WSH","L","47","96.8","2.0595744680851","1.24","5.58","3.1","2.48","6.82","73.33","11.78","10.53","1.9","22.93","17.36","14.88","6.82","0.62","2.48","1.24","0.62","0.62","0","0","0","2.48","0","0.62","4.34","0","0","1.24","0.00"
"27","Steven Stamkos","T.B","C","79","296.73333333333","3.7561181434599","3.84","4.04","1.62","2.43","7.89","67.24","22.65","16.96","2.63","39.23","30.94","19.01","1.82","0","3.44","0","0","0","0","0","0.2","1.62","0.4","0.61","1.62","0.2","12.54","9.71","11.40"
"236","Juuso Valimaki","ARI","D","68","74.15","1.0904411764706","0","3.24","0.81","2.43","3.24","40.00","4.05","0.00","0.58","11.33","8.9","2.43","0.81","0","0","0","0","0","0","0","0","1.62","0","0.81","1.62","0","0","0","-"
"228","Jesper Bratt","N.J","L","82","274.95","3.3530487804878","1.53","4.36","1.96","2.4","5.89","56.25","10.47","14.58","1.53","19.86","15.28","14.18","3.93","0.44","1.31","1.31","0.65","0.65","0","0","0.22","1.09","0.22","1.31","2.62","0","0","0.22","0.00"
"115","Damon Severson","CBJ","D","67","75.65","1.1291044776119","0","2.38","0","2.38","2.38","75.00","6.35","0.00","0.94","19.04","7.93","5.55","2.38","0","2.38","1.59","0.79","0.79","0","0","0","0.79","0","1.59","0.79","0","0","0","-"
"197","Jack Roslovic","CBJ, NYR","C","59","50.433333333333","0.85480225988701","0","4.76","2.38","2.38","4.76","66.67","9.52","0.00","1.47","20.22","15.47","11.9","4.76","0","3.57","0","0","0","0","0","0","0","2.38","0","2.38","0","7.14","8.33","54.91"
"107","Mike Matheson","MTL","D","82","303.71666666667","3.7038617886179","0.99","4.74","2.37","2.37","5.73","72.50","11.06","8.93","0.85","21.73","14.42","7.31","0.4","0","1.19","1.98","0.99","0.99","0","0","0.59","0.79","0.99","0.4","1.98","1.38","0","0","-"
"190","Sebastian Aho","CAR","C","78","227.68333333333","2.9190170940171","2.9","5.53","3.16","2.37","8.43","74.42","14.76","19.64","1.76","22.93","17.13","12.12","4.48","0","2.11","1.58","0.79","0.79","0","0","0","2.37","1.05","0","1.58","0.26","34.79","19.24","16.97"
"37","Tyler Johnson","CHI","C","67","177.66666666667","2.6517412935323","2.7","2.7","0.34","2.36","5.4","66.67","11.82","22.86","2.15","15.87","14.52","11.14","8.11","0","3.38","1.35","0.68","0.68","0","0","0","1.01","1.01","0.68","0.68","0","6.42","7.77","15.28"
"91","Mika Zibanejad","NYR","C","81","280.73333333333","3.4658436213992","2.56","4.06","1.71","2.35","6.63","54.39","16.88","15.19","2.13","32.27","27.14","11.33","2.78","0","1.71","0","0","0","0","0","0.21","1.92","0.64","0.21","1.5","0","4.7","2.99","13.06"
"223","Clayton Keller","ARI","R","78","257.26666666667","3.2982905982906","2.1","4.9","2.57","2.33","7","83.33","13.29","15.79","1.51","23.32","19.12","8.86","0.7","0","2.57","0.93","0.47","0.47","0","0","0","1.63","0.47","0.23","2.8","0.23","1.63","0.47","18.14"
"244","Elias Pettersson","VAN","C","82","309.13333333333","3.769918699187","2.52","3.49","1.16","2.33","6.02","59.62","13.97","18.06","1.84","26.4","20.19","11.06","3.69","0","1.94","0.39","0.19","0.19","0","0","0.19","1.75","0.19","0.39","1.94","0","6.02","3.49","12.28"
"162","Tony DeAngelo","CAR","D","31","78.15","2.5209677419355","1.54","3.07","0.77","2.3","4.61","54.55","7.68","20.00","0.72","18.43","9.21","6.91","2.3","0","3.84","1.54","0.77","0.77","0","0","0","2.3","2.3","0","1.54","0.77","0","0","-"
"277","Noah Dobson","NYI","D","79","235.68333333333","2.9833333333333","0.25","5.86","3.56","2.29","6.11","68.57","5.35","4.76","0.4","18.84","8.15","4.58","0","0.25","1.53","0.51","0.25","0.25","0","0","0.25","1.78","0.76","0.51","0.76","1.02","0","0","-"
"297","Jack Hughes","N.J","C","62","236.6","3.8161290322581","2.28","5.58","3.3","2.28","7.86","73.81","16.23","14.06","1.77","32.71","20.03","12.93","3.3","0.25","3.04","0.51","0.25","0.25","0","0","0.51","3.3","1.01","0.25","3.04","0","4.56","4.56","12.68"
"248","Robert Thomas","STL","C","82","265","3.2317073170732","1.81","4.3","2.04","2.26","6.11","79.41","11.77","15.38","1.4","24.23","16.53","10.87","2.49","0","2.04","1.36","0.68","0.68","0","0","0.23","2.49","0.45","0","2.72","0","29.43","23.77","12.53"
"280","Nils Lundkvist","DAL","D","59","54.316666666667","0.92062146892655","0","2.21","0","2.21","2.21","33.33","8.84","0.00","0.67","16.57","13.26","1.1","0","0","4.42","2.21","1.1","1.1","0","0","0","0","0","2.21","0","2.21","0","0","-"
"337","Daniil Miromanov","CGY, VGK","D","24","54.366666666667","2.2652777777778","0","2.21","0","2.21","2.21","66.67","4.41","0.00","0.32","15.45","8.83","4.41","0","0","2.21","0","0","0","0","0","0","1.1","0","0","0","1.1","0","0","-"
"352","Kevin Korchinski","CHI","D","76","135.83333333333","1.7872807017544","0","3.09","0.88","2.21","3.09","77.78","2.21","0.00","0.13","7.07","3.09","3.09","0","0","0.88","0.88","0.44","0.44","0","0","0","2.65","1.33","0","1.33","0.88","0","0","-"
"12","Brad Marchand","BOS","L","82","273.23333333333","3.3321138211382","1.54","4.17","1.98","2.2","5.71","68.42","11.64","13.21","1.48","22.4","16.69","11.2","3.07","0","1.1","0.88","0.44","0.44","0","0","0.44","4.83","0.66","0.88","3.07","0","1.1","1.54","9.15"
"90","Ryan Strome","ANA","C","79","191.28333333333","2.4213080168776","0.63","4.08","1.88","2.2","4.71","65.22","7.21","8.70","0.84","10.98","9.41","4.08","1.57","0","0.94","4.39","2.2","2.2","0","0","0.94","2.2","0.31","0.94","0.94","0","12.55","15.68","13.94"
"263","Sean Durzi","ARI","D","76","249.3","3.2802631578947","0.72","3.13","0.96","2.17","3.85","42.11","7.94","9.09","0.65","20.94","11.07","7.46","0","0","1.93","4.09","0.72","0.24","0.24","0.24","0.48","2.17","0.48","0.96","1.68","0.72","0","0","-"
"187","Vince Dunn","SEA","D","59","166.95","2.8296610169492","1.44","4.31","2.16","2.16","5.75","66.67","5.75","25.00","0.49","19.77","8.63","9.7","0.36","0","1.8","0","0","0","0","0","0","0.36","0.72","0.72","0.36","1.44","0","0","-"
"56","Mats Zuccarello","MIN","R","69","279.11666666667","4.0451690821256","1.07","6.02","3.87","2.15","7.09","70.21","15.48","6.94","1.46","27.09","19.56","12.68","2.58","0","5.37","0.86","0.43","0.43","0","0","0.64","2.15","0.21","0.21","2.36","0.43","0","0","-"
"143","Darnell Nurse","EDM","D","81","84.083333333333","1.0380658436214","0.71","2.85","0.71","2.14","3.57","83.33","6.42","11.11","0.82","17.13","10.7","6.42","1.43","0","0","1.43","0.71","0.71","0","0","0","0","0.71","0.71","0.71","0.71","0","0","-"
"100","Torey Krug","STL","D","77","225.51666666667","2.9287878787879","0","3.46","1.33","2.13","3.46","56.52","9.84","0.00","0.8","21.02","13.04","7.18","0.8","0","1.33","0.53","0.27","0.27","0","0","0.27","1.33","0.27","0.27","0.53","1.06","0","0","-"
"110","Teuvo Teravainen","CAR","L","76","169.03333333333","2.2241228070175","3.19","2.84","0.71","2.13","6.03","62.96","13.84","23.08","1.82","27.33","19.17","11.36","4.26","0","2.48","0.71","0.35","0.35","0","0","0","0.71","0.71","0","1.77","0","3.9","4.26","16.98"
"238","Morgan Geekie","BOS","C","76","142.18333333333","1.8708333333333","1.69","3.38","1.27","2.11","5.06","54.55","9.28","18.18","1.49","15.19","11.39","10.55","3.38","0.42","1.27","1.69","0.84","0.84","0","0","0","0.84","0.84","2.11","4.22","0","13.08","14.35","20.13"
"151","Frederick Gaudreau","MIN","C","67","87.416666666667","1.3047263681592","1.37","3.43","1.37","2.06","4.8","100.00","10.98","12.50","1.25","22.65","18.53","6.86","2.06","0","1.37","0","0","0","0","0","0","1.37","0","0","4.12","0","11.67","5.49","46.67"
"174","Viktor Arvidsson","L.A","R","18","58.383333333333","3.2435185185185","1.03","5.14","3.08","2.06","6.17","54.55","7.19","14.29","1.09","12.33","9.25","11.3","5.14","0","2.06","2.06","1.03","1.03","0","0","0","1.03","0","0","3.08","0","0","0","-"
"165","Jared McCann","SEA","L","80","205.56666666667","2.5695833333333","2.63","4.09","2.04","2.04","6.71","79.31","14.89","17.65","1.64","29.19","21.31","13.72","3.5","0","2.34","1.17","0.58","0.58","0","0","0","0","0","0","2.63","0.29","2.92","4.38","11.68"
"26","Drew Doughty","L.A","D","82","266.15","3.2457317073171","1.58","2.93","0.9","2.03","4.51","50.00","8.12","19.44","0.78","18.49","11.27","5.86","0.9","0","1.58","0","0","0","0","0","0","0.45","0.68","1.58","1.13","2.25","0","0","-"
"196","Roope Hintz","DAL","C","80","206.96666666667","2.5870833333333","2.32","3.19","1.16","2.03","5.51","50.00","12.76","18.18","2.36","19.42","16.81","15.07","8.99","0","2.9","0.58","0.29","0.29","0","0","0","1.74","0.29","0.29","2.03","0","5.22","2.61","19.33"
"273","Andrei Svechnikov","CAR","R","59","148.63333333333","2.519209039548","2.02","4.84","2.83","2.02","6.86","58.62","10.9","18.52","1.74","26.24","19.78","11.3","3.23","0.4","2.02","1.61","0.81","0.81","0","0","0.4","1.61","0.81","1.21","1.61","0","0","0","-"
"65","Kevin Hayes","STL","R","79","119.53333333333","1.5130801687764","0","2.51","0.5","2.01","2.51","62.50","8.03","0.00","1.25","17.07","12.55","7.53","4.02","0.5","1","0","0","0","0","0","0","2.01","1","0.5","1","0","21.58","15.56","29.17"
"119","Alex Kerfoot","ARI","C","82","150.05","1.8298780487805","0.8","4","2","2","4.8","66.67","7.2","11.11","1.91","11.2","10.4","10.4","9.2","0","1.2","0.8","0.4","0.4","0","0","0.4","0.8","0.4","0.4","2.8","0","21.19","25.99","17.96"
"94","J.T. Miller","VAN","C","81","302.15","3.7302469135802","1.99","5.96","3.97","1.99","7.94","78.43","13.3","14.93","2.24","25.42","20.25","14.1","9.13","0","2.38","0.99","0.2","0","0.2","0","0.4","0.79","0.6","0.99","2.18","0.2","29.99","17.08","12.65"
"225","Jordan Kyrou","STL","C","82","240.96666666667","2.9386178861789","1.99","3.24","1.24","1.99","5.23","70.00","10.96","18.18","1.68","26.64","17.93","13.94","3.24","0","1.49","0.5","0.25","0.25","0","0","0.25","0.5","1.24","0","2.49","0","0","0","-"
"41","Ryan O'Reilly","NSH","C","82","273.15","3.3310975609756","3.08","3.08","1.1","1.98","6.15","63.64","11.64","26.42","2.64","19.55","17.13","17.35","10.98","0","2.64","1.32","0.66","0.66","0","0","0.22","1.32","0.22","0.66","2.64","0","33.17","25.26","12.47"
"75","Bryan Rust","PIT","R","62","152.38333333333","2.4577956989247","1.18","2.36","0.39","1.97","3.54","64.29","12.6","9.38","2.24","23.62","18.11","16.14","7.87","0","1.57","0","0","0","0","0","0","3.54","0.79","1.18","4.33","0","0","0.39","0.00"
"150","Anthony Mantha","VGK, WSH","R","74","121.66666666667","1.6441441441441","1.48","2.47","0.49","1.97","3.95","57.14","8.38","17.65","1.66","13.32","11.34","8.38","5.92","0","1.97","0","0","0","0","0","0","2.47","0","1.97","3.45","0","0.49","0.99","16.44"
"353","Pavel Mintyukov","ANA","D","63","122.08333333333","1.9378306878307","0","3.44","1.47","1.97","3.44","53.85","6.39","0.00","0.45","15.73","8.35","4.91","0.98","0","1.97","1.97","0.98","0.98","0","0","0","1.47","0.49","0.98","1.47","1.97","0","0","-"
"31","John Carlson","WSH","D","82","275.38333333333","3.3583333333333","1.31","3.27","1.31","1.96","4.58","61.76","8.72","15.00","1.15","20.26","13.73","7.19","1.31","0","3.27","0.87","0.44","0.44","0","0","0","1.96","1.09","0.87","0.44","0.87","0","0","-"
"154","Leon Draisaitl","EDM","C","81","275.2","3.3975308641975","4.58","3.92","1.96","1.96","8.5","68.42","18.97","24.14","2.97","34.67","27.91","17.22","5.01","0","2.4","1.74","0.87","0.87","0","0","0.22","2.83","0.65","0.22","2.62","0","37.06","27.69","12.48"
"182","Rasmus Andersson","CGY","D","78","183.35","2.350641025641","0","2.62","0.65","1.96","2.62","61.54","10.47","0.00","0.97","23.23","15.71","4.58","0.33","0","1.64","2.62","1.31","1.31","0","0","0.33","0.98","1.31","0.33","1.96","1.64","0","0","-"
"35","Gustav Nyquist","NSH","C","81","246","3.037037037037","1.22","4.63","2.68","1.95","5.85","63.16","5.61","21.74","0.97","12.68","8.54","8.54","2.93","0","1.22","0","0","0","0","0","0.98","3.17","0.24","0","2.44","0","0.73","0.24","18.29"
"43","John Tavares","TOR","C","80","246.01666666667","3.0752083333333","2.19","2.68","0.73","1.95","4.88","51.28","21.22","10.34","3.94","33.17","28.05","26.83","19.02","0.24","4.39","0.98","0.49","0.49","0","0","0.49","1.46","0.73","0.49","4.39","0","38.78","26.1","14.58"
"183","Kyle Connor","WPG","L","65","216.85","3.3361538461538","1.38","3.87","1.94","1.94","5.26","65.52","13","10.64","1.18","27.39","16.32","9.13","0.28","0","2.49","1.11","0.55","0.55","0","0","0","1.94","0","0.28","0.55","0.28","0","0","-"
"301","Connor McMichael","WSH","C","80","92.8","1.16","1.29","2.59","0.65","1.94","3.88","50.00","7.11","18.18","1.49","9.05","9.05","8.41","7.11","0","1.29","0","0","0","0","0","0.65","0","1.29","1.94","1.94","0","15.52","22.63","26.30"
"292","Moritz Seider","DET","D","82","186.83333333333","2.2784552845528","0.96","4.5","2.57","1.93","5.46","58.62","7.71","12.50","0.54","17.66","10.92","5.78","0","0","0.96","0.64","0.32","0.32","0","0","0.32","0.96","0.64","2.25","0.96","1.28","0","0","-"
"66","Cam Fowler","ANA","D","81","189.53333333333","2.3399176954733","0.63","5.07","3.17","1.9","5.7","75.00","9.5","6.67","0.5","20.26","11.71","5.38","0","0","1.27","0","0","0","0","0","0","1.9","0","0.32","0.32","1.58","0","0","-"
"254","Josh Norris","OTT","C","50","157.63333333333","3.1526666666667","1.9","2.66","0.76","1.9","4.57","75.00","12.56","15.15","1.49","23.98","17.89","15.23","2.28","0","2.28","0.76","0.38","0.38","0","0","0.38","2.28","0","0","2.66","0","9.9","7.99","21.06"
"32","Roman Josi","NSH","D","82","317.13333333333","3.8674796747967","1.7","4.54","2.65","1.89","6.24","68.75","11.16","15.25","1.03","26.3","16.27","10.03","1.14","0","1.51","0.38","0.19","0.19","0","0","0","1.51","0.38","0.19","2.46","0.76","0","0","-"
"122","MacKenzie Weegar","CGY","D","82","159.45","1.944512195122","1.13","4.52","2.63","1.88","5.64","62.50","10.91","10.34","0.72","24.08","15.43","7.53","0.38","0","1.51","3.01","1.51","1.51","0","0","0","3.39","1.13","3.01","0.38","0.75","0","0","-"
"125","Anthony Duclair","S.J, T.B","L","73","127.81666666667","1.7509132420091","2.35","3.29","1.41","1.88","5.63","54.55","12.2","19.23","2.27","22.06","15.02","15.02","8.92","0","3.76","1.88","0.94","0.94","0","0","0.47","0.94","0.94","0.47","2.35","0","0","0.94","0.00"
"95","Stefan Noesen","CAR","R","81","128.2","1.5827160493827","1.4","3.74","1.87","1.87","5.15","55.00","8.89","15.79","2.32","16.85","15.44","13.1","10.3","0","2.34","0.94","0.47","0.47","0","0","0.47","0.94","0.47","1.87","0.94","0.94","2.81","3.28","21.60"
"356","Andrei Kuzmenko","CGY, VAN","L","72","225.8","3.1361111111111","2.13","2.92","1.06","1.86","5.05","42.22","9.83","21.62","1.99","19.66","15.15","14.61","7.44","0","3.45","0","0","0","0","0","0","0.8","0.27","0.53","2.39","0.27","0","0","-"
"111","Filip Forsberg","NSH","L","82","291.51666666667","3.555081300813","2.68","3.91","2.06","1.85","6.59","69.57","19.55","13.68","1.99","40.34","26.55","17.49","4.94","0.21","3.7","1.23","0.62","0.62","0","0","0.21","2.68","0.62","1.65","2.26","0","0","0.41","0.00"
"108","Tom Wilson","WSH","R","74","163.8","2.2135135135135","1.83","1.83","0","1.83","3.66","52.63","12.45","14.71","3.16","21.61","17.95","20.15","13.55","0","2.93","6.59","1.83","1.47","0","0.37","0","2.2","0.37","6.59","4.4","0","0.73","1.1","14.65"
"117","Erik Gustafsson","NYR","D","76","99.133333333333","1.3043859649123","0","5.45","3.63","1.82","5.45","69.23","7.87","0.00","0.47","16.95","9.68","3.03","0","0","1.82","0","0","0","0","0","0","1.82","0","1.82","0","1.21","0","0","-"
"302","Thomas Harley","DAL","D","79","98.666666666667","1.2489451476793","0.61","4.86","3.04","1.82","5.47","69.23","11.55","5.26","0.61","18.24","13.38","6.08","0","0","2.43","0","0","0","0","0","0","1.82","0","1.82","1.82","1.22","0","0","-"
"33","Justin Schultz","SEA","D","70","166.76666666667","2.382380952381","0","3.6","1.8","1.8","3.6","58.82","6.12","0.00","0.68","21.95","12.23","5.76","0.36","0","1.8","0","0","0","0","0","0.36","1.08","0.72","0.36","1.44","1.44","0","0","-"
"247","Nick Suzuki","MTL","C","82","299.66666666667","3.6544715447154","2.6","3.8","2","1.8","6.41","82.05","10.01","26.00","1.35","15.22","12.81","9.61","3.6","0.2","1.4","1.2","0.4","0.4","0","0","0.4","1.8","0.4","0.4","3.2","0","17.62","11.81","11.99"
"305","Alex Newhook","MTL","C","55","167.93333333333","3.0533333333333","0.71","2.14","0.36","1.79","2.86","47.06","7.15","10.00","1.23","13.93","10.72","9.65","3.93","0","1.43","1.43","0.71","0.71","0","0","0","1.79","0.71","0","1.07","0.71","12.86","9.29","20.75"
"202","Thomas Chabot","OTT","D","51","134.71666666667","2.6415032679739","0.45","2.67","0.89","1.78","3.12","50.00","8.46","5.26","0.81","21.82","14.25","6.24","0.45","0","0.89","0","0","0","0","0","0.45","2.23","0.45","0.89","3.12","0.89","0","0","-"
"287","Egor Zamula","PHI","D","66","101.13333333333","1.5323232323232","1.19","4.15","2.37","1.78","5.34","90.00","4.75","25.00","0.23","18.39","6.53","7.12","0","0.59","2.37","1.19","0.59","0.59","0","0","0","0.59","2.37","0","0.59","0","0","0","-"
"133","Ryan Hartman","MIN","R","74","135.43333333333","1.8301801801802","2.22","2.22","0.44","1.77","4.43","62.50","14.18","15.63","2.35","27.02","21.71","17.28","8.42","0","1.33","0","0","0","0","0","0.44","1.77","0","0.44","1.33","0.44","11.52","15.06","19.20"
"83","Mike Reilly","FLA, NYI","D","61","102.31666666667","1.6773224043716","0","2.93","1.17","1.76","2.93","55.56","11.14","0.00","0.51","24.63","15.83","3.52","0","0","2.35","1.17","0.59","0.59","0","0","0","1.17","0","0.59","0","1.17","0","0","-"
"38","Mike Hoffman","S.J","C","66","103.65","1.5704545454545","1.74","1.74","0","1.74","3.47","50.00","7.53","23.08","1.16","21.42","13.31","6.95","2.32","0","2.89","0","0","0","0","0","0","0.58","0.58","0.58","1.74","0.58","1.16","0.58","38.59"
"103","Hampus Lindholm","BOS","D","73","103.3","1.4150684931507","0.58","2.32","0.58","1.74","2.9","35.71","9.87","5.88","0.74","17.42","12.78","3.48","1.74","0","1.16","2.32","1.16","1.16","0","0","0","1.16","0","0","1.74","1.16","0","0","-"
"124","Jake Guentzel","CAR, PIT","C, L","67","241.7","3.6074626865672","1.24","4.22","2.48","1.74","5.46","70.97","14.65","8.47","2.85","29.04","20.6","23.83","12.91","0","5.71","0.5","0.25","0.25","0","0","0","1.24","0.74","0.5","2.48","0","0","0.25","0.00"
"201","Daniel Sprong","DET","R","76","137.7","1.8118421052632","1.31","3.92","2.18","1.74","5.23","60.00","12.64","10.34","2.04","29.63","23.09","17.86","3.05","0","3.92","0.87","0.44","0.44","0","0","0.87","1.31","0.87","0.44","2.61","0","0.87","0","43.57"
"329","Luke Evangelista","NSH","R","80","172.95","2.161875","1.04","2.43","0.69","1.73","3.47","43.48","12.84","8.11","2.25","21.16","17","15.96","10.41","0.35","1.39","1.39","0.69","0.69","0","0","0","1.73","0.35","0","4.51","0","0","0","-"
"164","Robby Fabbri","DET","C","68","139.23333333333","2.0475490196078","2.15","3.02","1.29","1.72","5.17","60.00","10.34","20.83","1.6","12.93","11.2","11.2","6.89","0","0.86","2.59","1.29","1.29","0","0","0.43","1.72","0","2.59","3.88","0","18.1","8.19","29.67"
"176","Victor Olofsson","BUF","L","51","70.583333333333","1.3839869281046","0.85","1.7","0","1.7","2.55","75.00","7.65","11.11","1.02","20.4","12.75","5.95","0.85","0","0","0","0","0","0","0","0","2.55","0.85","0","0.85","0.85","0","0","-"
"274","Jack Drury","CAR","C","74","71.516666666667","0.96644144144144","1.68","4.19","2.52","1.68","5.87","50.00","14.26","11.76","2.12","20.14","15.94","16.78","10.91","0.84","2.52","1.68","0.84","0.84","0","0","0","1.68","1.68","0.84","3.36","0","24.33","20.14","45.91"
"113","Chandler Stephenson","VGK","C","75","215.95","2.8793333333333","1.11","2.5","0.83","1.67","3.61","56.52","5.83","19.05","0.98","10","8.06","6.11","2.78","0","0.83","1.11","0.56","0.56","0","0","0.56","0.28","1.11","0.28","4.45","0","24.17","13.34","17.91"
"216","Matthew Tkachuk","FLA","L","80","322.45","4.030625","1.12","4.84","3.16","1.67","5.95","62.75","19.35","5.77","3.34","30.89","26.24","20.1","15.26","0","3.91","0.74","0.37","0.37","0","0","0.19","2.23","0.37","0.56","1.3","0","0","0.37","0.00"
"96","Phillip Danault","L.A","C","78","144.66666666667","1.8547008547009","1.24","2.49","0.83","1.66","3.73","56.25","7.05","17.65","0.9","11.2","8.71","6.64","3.32","0","2.07","0","0","0","0","0","0","2.07","0","0.83","2.07","0","20.74","17.83","22.30"
"191","Tommy Novak","NSH","C","71","145.76666666667","2.0530516431925","2.47","2.47","0.82","1.65","4.94","66.67","11.53","21.43","1.77","20.17","15.64","12.76","3.7","0","2.47","1.65","0.82","0.82","0","0","0.41","1.65","0.41","0.41","2.88","0","9.88","6.17","25.33"
"62","Justin Faulk","STL","D","60","109.95","1.8325","0.55","3.27","1.64","1.64","3.82","63.64","8.73","6.25","1.12","24.01","13.1","10.37","1.64","0","2.18","1.09","0.55","0.55","0","0","0","1.09","0.55","0.55","2.73","0.55","0","0","-"
"224","Jakob Chychrun","OTT","D","82","219.78333333333","2.6802845528455","1.91","2.46","0.82","1.64","4.37","59.26","14.47","13.21","1.64","29.48","23.2","11.19","2.18","0","1.91","2.18","1.09","1.09","0","0","0.82","0.82","1.09","0.27","0.82","0.27","0","0","-"
"23","Ryan McDonagh","NSH","D","74","73.4","0.99189189189189","0","3.27","1.63","1.63","3.27","80.00","6.54","0.00","0.46","17.17","10.63","5.72","0","0","0.82","0","0","0","0","0","0","0","0","0.82","0","0.82","0","0","-"
"89","Jonathan Huberdeau","CGY","C","81","220.3","2.7197530864198","1.09","4.09","2.45","1.63","5.17","59.38","8.17","13.33","1.28","15.52","11.17","9.8","4.36","0.27","1.63","1.09","0.54","0.54","0","0","0","1.91","0.54","0.27","1.09","0.27","0.27","0","27.24"
"152","Aaron Ekblad","FLA","D","51","73.816666666667","1.447385620915","0.81","2.44","0.81","1.63","3.25","40.00","15.44","5.26","2.09","29.26","25.2","8.94","3.25","0","2.44","1.63","0.81","0.81","0","0","0","2.44","0","0.81","0.81","0","0","0","-"
"189","Mikko Rantanen","COL","R","80","368.78333333333","4.6097916666667","2.28","4.23","2.6","1.63","6.51","62.50","12.69","17.95","1.84","25.06","18.55","14.15","4.39","0.16","1.14","0.65","0.33","0.33","0","0","0.16","2.12","0.16","1.14","2.93","0.16","15.46","10.9","9.54"
"296","Matt Boldy","MIN","L","75","295.8","3.944","2.03","3.04","1.42","1.62","5.07","52.08","17.04","11.90","2.44","38.95","26.57","23.73","6.29","0","4.26","0.81","0.41","0.41","0","0","0.81","1.83","0.61","0.61","3.04","0.41","2.43","2.03","11.06"
"58","Jason Zucker","ARI, NSH","L","69","111.96666666667","1.6227053140097","2.68","2.68","1.07","1.61","5.36","76.92","13.4","20.00","1.65","20.9","18.22","10.18","3.75","0","1.61","2.14","1.07","1.07","0","0","0","2.68","0","2.68","4.82","0","0","0.54","0.00"
"181","Noah Hanifin","CGY, VGK","D","80","149.05","1.863125","2.01","3.22","1.61","1.61","5.23","76.47","12.48","16.13","1.13","32.61","18.92","7.65","0.81","0","3.62","0.81","0.4","0.4","0","0","0.4","2.01","2.42","0.4","1.61","1.61","0","0","-"
"13","Nick Foligno","CHI","L","74","188.56666666667","2.5481981981982","2.55","2.55","0.95","1.59","5.09","59.26","9.86","25.81","2.55","15.91","14.32","14.32","11.77","0","1.59","1.91","0.95","0.95","0","0","0.32","1.59","1.27","2.23","1.27","0.64","25.46","22.27","16.97"
"61","Charlie Coyle","BOS","C","82","150.65","1.8371951219512","2.79","1.59","0","1.59","4.38","55.00","11.55","24.14","2.17","16.73","15.53","15.53","11.55","0","0","0.8","0.4","0.4","0","0","0","0.8","0","2.79","1.19","0","28.28","21.91","22.44"
"243","Eeli Tolvanen","SEA","R","81","194.08333333333","2.3960905349794","0.31","2.78","1.24","1.55","3.09","58.82","12.37","2.50","1.42","27.82","19.17","12.37","1.55","0","1.55","0.62","0.31","0.31","0","0","0","0.93","0.31","1.24","1.55","0.31","0","0.31","0.00"
"327","Thomas Bordeleau","S.J","C","27","77.45","2.8685185185185","3.1","2.32","0.77","1.55","5.42","58.33","8.52","36.36","1.49","15.49","13.17","13.17","5.42","0","3.1","1.55","0.77","0.77","0","0","0","0.77","1.55","0.77","3.87","0","20.92","17.82","41.83"
"48","Oliver Ekman-Larsson","FLA","D","80","155.86666666667","1.9483333333333","0.38","3.85","2.31","1.54","4.23","50.00","8.85","4.35","0.66","24.64","13.86","7.7","0.38","0","2.69","0","0","0","0","0","0","1.54","0.38","1.15","0.77","0.38","0","0","-"
"215","Mason Marchment","DAL","L","81","116.95","1.4438271604938","3.08","2.57","1.03","1.54","5.64","68.75","8.21","37.50","2.19","17.44","13.34","14.88","12.31","0.51","3.08","4.1","2.05","2.05","0","0","1.03","2.05","0.51","3.59","4.62","0.51","0","0","-"
"251","Miro Heiskanen","DAL","D","71","235.65","3.319014084507","0.51","4.84","3.31","1.53","5.35","55.26","8.66","5.88","0.88","24.95","13.24","7.89","0.76","0","2.8","0","0","0","0","0","0.51","0.76","1.27","0.51","0.25","0.76","0","0","-"
"79","Johnny Gaudreau","CBJ","L","81","237.35","2.9302469135802","0.25","4.3","2.78","1.52","4.55","78.26","8.09","3.13","0.9","20.48","12.39","8.09","1.01","0","2.02","0","0","0","0","0","0","1.26","0.25","0.25","0.76","0.25","0","0","-"
"161","Alex Tuch","BUF","R","75","197.96666666667","2.6395555555556","0.61","2.73","1.21","1.52","3.33","44.00","8.49","7.14","1.6","15.15","13.64","11.21","5.46","0","0.61","0.61","0.3","0.3","0","0","0","1.52","0.3","0.3","0.91","0.3","0.3","1.52","5.05"
"285","Scott Perunovich","STL","D","54","118.81666666667","2.2003086419753","0","3.03","1.51","1.51","3.03","50.00","3.53","0.00","0.36","7.07","5.05","4.54","0","0","0.5","0","0","0","0","0","0","0.5","0.5","0","2.52","1.01","0","0","-"
"6","Evgeni Malkin","PIT","C","82","279.93333333333","3.4138211382114","1.29","2.57","1.07","1.5","3.86","60.00","14.79","8.70","1.94","31.29","20.79","15","3.86","0.21","5.36","1.71","0.86","0.86","0","0","1.07","3","0.86","0.21","1.07","0.64","3.43","1.71","14.29"
"180","Frank Vatrano","ANA","R","82","200.35","2.4432926829268","3.89","2.1","0.6","1.5","5.99","83.33","21.26","18.31","1.92","35.94","25.46","13.48","2.7","0","2.1","1.2","0.6","0.6","0","0","0.3","1.2","0.6","1.2","2.4","0.3","0","0","-"
"342","Owen Power","BUF","D","76","121.2","1.5947368421053","0","2.97","1.49","1.49","2.97","85.71","8.42","0.00","0.43","12.38","8.91","2.97","0.5","0","1.98","0.99","0.5","0.5","0","0","0","1.49","0","0","0.99","0","0","0","-"
"126","Carter Verhaeghe","FLA","C","76","246.45","3.2427631578947","1.95","3.16","1.7","1.46","5.11","50.00","12.17","16.00","1.48","26.05","16.56","15.09","3.41","0","3.16","1.46","0.73","0.73","0","0","0","1.22","0","0.73","3.16","0.24","1.46","1.46","12.17"
"64","Nick Bjugstad","ARI","C","76","124.23333333333","1.634649122807","0.97","1.93","0.48","1.45","2.9","46.15","11.59","8.33","2.06","17.87","16.42","15.45","7.73","0","2.41","2.9","1.45","1.45","0","0","0","0","0","1.45","1.93","0","20.28","21.73","23.32"
"208","Ivan Provorov","CBJ","D","82","123.86666666667","1.5105691056911","0","3.39","1.94","1.45","3.39","77.78","5.81","0.00","0.4","17.44","9.2","5.33","0.48","0","1.94","1.94","0.97","0.97","0","0","0","1.94","0","0.48","0.97","0.97","0","0","-"
"45","Matt Duchene","DAL","C","80","167","2.0875","2.16","3.59","2.16","1.44","5.75","69.57","12.57","17.14","2.13","22.99","17.6","14.01","6.11","0","3.59","1.44","0.72","0.72","0","0","0","2.16","0","0.72","3.23","0","12.57","8.62","21.31"
"160","Travis Sanheim","PHI","D","81","125.18333333333","1.5454732510288","0","2.4","0.96","1.44","2.4","38.46","9.59","0.00","0.75","22.53","14.38","6.71","1.44","0","3.36","3.83","1.92","1.92","0","0","0","1.92","0.96","1.44","0.96","0.48","0","0","-"
"139","Jonathan Drouin","COL","L","79","292.93333333333","3.7080168776371","1.02","2.87","1.43","1.43","3.89","38.78","4.71","21.74","0.85","8.6","6.35","6.35","2.87","0","0.2","1.64","0.82","0.82","0","0","0","1.02","0.82","0.2","1.43","0.2","2.66","2.25","11.09"
"291","Cole Caufield","MTL","R","82","295.81666666667","3.6075203252033","1.83","2.43","1.01","1.42","4.26","52.50","15.21","12.00","2.27","26.37","21.91","13.39","4.46","0.2","1.83","0.41","0.2","0.2","0","0","0.2","1.42","0.41","0.2","2.64","0.41","0","0","-"
"351","Logan Cooley","ARI","C","82","169.56666666667","2.0678861788618","1.06","3.54","2.12","1.42","4.6","65.00","9.2","11.54","1.21","18.05","13.45","8.85","3.89","0","1.42","0","0","0","0","0","0.35","4.25","0","0","3.54","0.35","6.02","7.43","15.83"
"135","Artturi Lehkonen","COL","L","45","128.75","2.8611111111111","3.26","2.33","0.93","1.4","5.59","66.67","11.65","28.00","2.5","17.24","15.38","16.31","12.12","0","1.4","0","0","0","0","0","0","0.47","0.47","0.47","0.47","0","0","0","-"
"140","Seth Jones","CHI","D","67","213.98333333333","3.1937810945274","0.84","1.68","0.28","1.4","2.52","37.50","11.5","7.32","0.95","30","17.38","10.09","1.12","0","2.52","1.12","0.56","0.56","0","0","0","2.52","0.84","0.84","0.56","1.12","0","0","-"
"293","Cam York","PHI","D","82","171.91666666667","2.0965447154472","0","2.09","0.7","1.4","2.09","60.00","8.73","0.00","0.7","17.45","12.56","4.54","0.35","0","2.44","0.7","0.35","0.35","0","0","0.35","0","1.75","1.4","0","0.35","0","0","-"
"159","Dylan Larkin","DET","C","68","216.5","3.1838235294118","3.88","3.33","1.94","1.39","7.21","81.25","16.63","23.33","2.41","28.82","21.62","21.34","8.31","0","2.22","3.88","0.83","0.55","0","0.28","1.11","1.94","0","0","1.11","0","34.92","25.77","15.94"
"281","Calen Addison","MIN, S.J","D","72","173.63333333333","2.4115740740741","0","3.11","1.73","1.38","3.11","42.86","10.02","0.00","0.8","21.08","12.09","5.87","0.69","0","1.04","1.38","0.69","0.69","0","0","0.35","0.69","1.04","0.35","0.69","1.73","0","0","-"
"213","Kirill Kaprizov","MIN","L","75","312.01666666667","4.1602222222222","3.65","4.23","2.88","1.35","7.88","80.39","18.08","20.21","3.23","38.27","28.08","22.31","8.85","0.19","5.38","0.77","0.38","0.38","0","0","0.19","1.92","0.58","0.19","1.92","0.19","0","0","-"
"312","Lucas Raymond","DET","L","82","222.86666666667","2.7178861788618","1.62","2.69","1.35","1.35","4.31","59.26","9.15","17.65","1.48","19.11","12.92","13.73","3.23","0","1.62","1.08","0.54","0.54","0","0","0","0.27","0","1.08","3.77","0.27","0","0.54","0.00"
"335","Alexander Barabanov","S.J","L","46","89","1.9347826086957","0","1.35","0","1.35","1.35","33.33","5.39","0.00","1.56","16.85","12.13","12.81","4.04","0","3.37","0","0","0","0","0","0","0.67","0","0","2.02","0","0","0","-"
"40","Kyle Palmieri","NYI","C","82","225.58333333333","2.7510162601626","2.66","2.66","1.33","1.33","5.32","57.14","15.16","17.54","3.49","23.67","21.01","18.88","13.56","0","3.99","1.06","0.53","0.53","0","0","0","1.86","0.27","1.06","3.19","0","0","0","-"
"51","Reilly Smith","PIT","R","76","135.91666666667","1.7883771929825","0.44","3.09","1.77","1.32","3.53","80.00","10.15","4.35","1.76","18.54","12.8","11.48","5.74","0","1.32","0","0","0","0","0","0","2.21","0","1.77","3.53","0.44","0","0","-"
"321","Anton Lundell","FLA","C","78","90.6","1.1615384615385","0.66","2.65","1.32","1.32","3.31","71.43","13.91","4.76","2.37","21.85","18.54","11.92","6.62","0.66","1.99","1.32","0.66","0.66","0","0","0","0.66","0.66","0.66","1.32","0","26.49","13.91","43.43"
"173","Devon Toews","COL","D","82","137.9","1.6817073170732","0","2.18","0.87","1.31","2.18","41.67","4.79","0.00","0.38","15.23","8.27","3.92","0","0","2.18","0","0","0","0","0","0","1.31","0.87","0.44","0","1.31","0","0","-"
"214","Troy Terry","ANA","R","76","183.13333333333","2.409649122807","1.31","2.95","1.64","1.31","4.26","68.42","8.85","14.81","1.37","18.67","14.42","9.17","2.29","0","1.31","1.97","0.66","0.66","0","0","0.66","1.31","0.33","0","3.93","0.33","0","0.33","0.00"
"155","Sam Bennett","FLA","C","69","138.55","2.0079710144928","2.17","3.03","1.73","1.3","5.2","60.00","17.76","12.20","2.46","30.31","22.52","20.35","6.93","0.43","3.03","5.2","0.87","0.43","0","0.43","0.43","2.6","0.43","0.87","3.9","0","12.99","9.96","24.51"
"218","Auston Matthews","TOR","C","81","276.08333333333","3.4084362139918","3.91","2.39","1.09","1.3","6.3","60.42","15.86","24.66","2.46","31.95","23.25","18.91","6.09","0","3.26","0","0","0","0","0","0.22","1.52","1.09","0.87","2.17","0","10","5.65","13.88"
"253","Timothy Liljegren","TOR","D","55","92.566666666667","1.6830303030303","0","4.54","3.24","1.3","4.54","63.64","5.19","0.00","0.47","15.56","9.72","6.48","0.65","0","3.24","0","0","0","0","0","0","0.65","0","2.59","1.3","1.3","0","0","-"
"325","Quinton Byfield","L.A","C, R","80","184.91666666667","2.3114583333333","1.95","2.6","1.3","1.3","4.54","42.42","10.06","19.35","2.55","17.2","14.28","13.3","12.01","0","3.57","2.6","1.3","1.3","0","0","0.97","0","0.32","0","4.54","0","2.27","3.24","13.36"
"265","Joel Farabee","PHI","L","82","187.71666666667","2.2892276422764","0.64","1.6","0.32","1.28","2.24","63.64","8.63","7.41","1.33","12.79","10.55","7.35","5.75","0","0.96","1.92","0.96","0.96","0","0","0","0.64","0","0","2.88","0","3.2","2.56","17.76"
"63","Brock Nelson","NYI","C","82","236.3","2.8817073170732","2.29","2.54","1.27","1.27","4.82","51.35","15.23","15.00","2.22","26.66","20.82","17.27","4.57","0","1.27","1.52","0.76","0.76","0","0","0.51","1.78","0.76","0.51","1.78","0.76","2.54","4.32","9.40"
"240","Casey Mittelstadt","BUF, COL","C","80","190.71666666667","2.3839583333333","0.94","1.89","0.63","1.26","2.83","42.86","7.24","13.04","1.19","12.9","10.38","8.81","4.4","0","0.31","2.52","0.94","0.94","0","0","0.31","1.26","0.31","0.63","1.89","0.31","23.91","23.91","15.73"
"317","Jake Sanderson","OTT","D","79","238.48333333333","3.018776371308","0.75","2.77","1.51","1.26","3.52","51.85","10.06","7.50","0.73","20.13","13.84","6.29","0.5","0","1.51","0.5","0.25","0.25","0","0","0","3.27","0.25","0","1.76","1.51","0","0","-"
"230","Tage Thompson","BUF","C","71","191.93333333333","2.7032863849765","2.81","2.19","0.94","1.25","5","61.54","19.38","14.52","1.74","36.26","26.57","10.63","1.25","0","1.25","0.63","0.31","0.31","0","0","0","0.94","0.31","0.31","2.5","0.31","5","7.19","12.82"
"99","Jonathan Marchessault","VGK","R","82","291.21666666667","3.5514227642276","1.65","1.85","0.62","1.24","3.5","47.22","15.86","10.39","2.01","30.08","21.02","16.89","4.12","0","2.88","1.24","0.62","0.62","0","0","0.41","1.44","0","1.24","3.5","0","0.41","0.41","10.30"
"120","Nate Schmidt","WPG","D","63","96.483333333333","1.5314814814815","0.62","1.87","0.62","1.24","2.49","50.00","5.6","11.11","0.51","13.68","9.33","3.11","0.62","0","0.62","0","0","0","0","0","0","0.62","0.62","0","1.24","0","0","0","-"
"220","Charlie McAvoy","BOS","D","74","241.8","3.2675675675676","0.25","2.98","1.74","1.24","3.23","46.43","6.2","4.00","0.59","15.88","8.93","6.7","0.5","0","1.24","0.99","0.5","0.5","0","0","0.25","2.73","0.5","0.25","2.48","0.99","0","0","-"
"286","Yegor Sharangovich","CGY","C","82","194.25","2.3689024390244","1.85","3.4","2.16","1.24","5.25","60.71","12.97","14.29","2.19","30.89","21.93","17.61","6.49","0","2.16","1.24","0.62","0.62","0","0","0.31","1.85","1.24","0.31","0.93","0.31","2.16","2.78","13.51"
"340","Matty Beniers","SEA","C","77","193.21666666667","2.5093073593074","1.86","2.17","0.93","1.24","4.04","68.42","7.14","26.09","1.21","18.63","11.49","10.87","4.35","0","1.55","1.24","0.62","0.62","0","0","0.31","1.24","0.62","0.62","1.86","0","19.56","19.25","15.65"
"8","Sidney Crosby","PIT","C","82","293.45","3.5786585365854","2.04","2.66","1.43","1.23","4.7","67.65","13.09","15.63","2.36","25.76","20.24","14.72","6.34","0","3.27","1.23","0.61","0.61","0","0","0","2.86","1.02","0.82","1.02","0","40.48","28.83","11.94"
"15","Claude Giroux","OTT","R","82","244.05","2.9762195121951","0.74","3.93","2.7","1.23","4.67","73.08","5.65","13.04","0.95","13.28","8.6","7.38","2.21","0","1.23","0.49","0.25","0.25","0","0","0.25","2.46","0.25","0.74","0.98","0","28.76","15.73","15.89"
"36","Cameron Atkinson","PHI","R","70","146.88333333333","2.0983333333333","0.82","1.63","0.41","1.23","2.45","46.15","9.4","8.70","1.47","15.93","11.44","9.4","4.49","0","2.86","1.63","0.82","0.82","0","0","0","1.63","0","1.23","1.63","0.41","1.63","1.23","23.34"
"349","Mason McTavish","ANA","C","64","146.6","2.290625","1.64","1.64","0.41","1.23","3.27","66.67","11.46","14.29","2.09","27.83","20.05","15.55","7.37","0","1.64","2.46","1.23","1.23","0","0","0.41","0.41","0","0.82","1.64","0","22.92","18.01","22.92"
"60","Evgeny Kuznetsov","CAR, WSH","C","63","148.56666666667","2.3582010582011","0.4","2.42","1.21","1.21","2.83","58.33","7.27","5.56","0.87","13.33","9.29","4.04","0.81","0","0.4","0.81","0.4","0.4","0","0","0","2.42","0","0.81","0.4","0.4","14.94","10.1","24.10"
"171","Brayden Point","T.B","C","81","298.01666666667","3.6792181069959","3.02","3.42","2.21","1.21","6.44","56.14","12.28","24.59","2.42","24.16","17.52","22.55","11.68","0","3.83","0.81","0.4","0.4","0","0","0","1.01","0.4","0.4","1.01","0.6","4.03","6.04","8.05"
"210","Evan Rodrigues","FLA","C","80","148.41666666667","1.8552083333333","1.21","2.83","1.62","1.21","4.04","76.92","13.75","8.82","2.37","25.47","19.4","17.79","8.09","0","4.04","1.62","0.81","0.81","0","0","0.4","1.21","0.81","1.21","3.64","0","2.83","3.23","18.87"
"10","T.J. Oshie","WSH","R","52","151.76666666667","2.9185897435897","2.77","1.58","0.4","1.19","4.35","68.75","12.26","22.58","3.51","24.51","21.74","22.53","11.86","0","3.95","5.53","1.19","0.79","0","0.4","0.4","0.79","0.4","0.79","3.56","0","1.19","3.95","9.12"
"49","Nazem Kadri","CGY","C","82","251.56666666667","3.0678861788618","2.39","2.86","1.67","1.19","5.25","64.71","14.79","16.13","2.88","26.71","20.99","20.03","11.21","0","2.86","1.43","0.72","0.72","0","0","0.24","3.1","0.95","0.72","3.1","0.24","26","21.94","12.93"
"235","Trevor Moore","L.A","L","82","152.35","1.8579268292683","0.79","1.97","0.79","1.18","2.76","41.18","11.42","6.90","2.53","24.02","20.48","15.36","8.66","0","1.97","0.79","0.39","0.39","0","0","0.79","0.39","0","0.39","2.36","0","0.39","0","39.38"
"347","Matthew Knies","TOR","L","80","50.65","0.633125","0","2.37","1.18","1.18","2.37","66.67","10.66","0.00","1.85","14.22","13.03","14.22","8.29","0","1.18","0","0","0","0","0","1.18","1.18","0","3.55","2.37","0","0","0","-"
"5","Alex Ovechkin","WSH","L","79","359.63333333333","4.5523206751055","2.17","2.5","1.33","1.17","4.67","59.57","18.19","11.93","1.84","40.71","25.69","12.01","2.67","0","4.17","1","0.5","0.5","0","0","0.17","0.33","0.67","0.83","0.67","0.5","0","0","-"
"28","Alex Pietrangelo","VGK","D","64","153.33333333333","2.3958333333333","0","3.52","2.35","1.17","3.52","50.00","7.83","0.00","0.79","22.3","14.09","4.7","0.39","0","1.57","0","0","0","0","0","0","1.57","1.57","0.39","1.57","1.96","0","0","-"
"30","Jordan Eberle","SEA","R","78","205.55","2.6352564102564","1.75","1.75","0.58","1.17","3.5","52.17","7.88","22.22","2.27","15.18","13.43","13.43","11.09","0","1.46","0","0","0","0","0","0","1.17","1.17","0.58","1.46","0","1.17","0.88","16.68"
"163","Nick Schmaltz","ARI","C","79","255.71666666667","3.2369198312236","2.35","2.58","1.41","1.17","4.93","55.26","8.21","28.57","1.72","15.96","12.67","13.61","5.63","0","1.64","0","0","0","0","0","0","0.94","0.7","0.23","1.64","0.47","9.62","8.45","12.49"
"21","Patrick Kane","DET","R","50","154.73333333333","3.0946666666667","0.78","5.04","3.88","1.16","5.82","62.50","15.12","5.13","1.56","25.98","19.39","12.41","3.1","0","2.71","0.78","0.39","0.39","0","0","0","2.33","0","0.78","0.39","0","0","0","-"
"222","Patrik Laine","CBJ","L","18","51.65","2.8694444444444","1.16","1.16","0","1.16","2.32","50.00","18.59","6.25","1.41","37.17","26.72","11.62","0","0","1.16","0","0","0","0","0","0","2.32","0","0","0","0","8.13","3.48","81.32"
"77","Mark Stone","VGK","R","56","208.7","3.7267857142857","1.15","2.87","1.72","1.15","4.02","58.33","9.77","11.76","1.9","15.81","13.22","13.51","8.91","0.29","2.3","2.87","1.44","1.44","0","0","0.57","2.3","0.57","0.86","2.01","0","0","0","-"
"109","Tomas Hertl","S.J, VGK","C","54","155.96666666667","2.8882716049383","2.31","1.92","0.77","1.15","4.23","61.11","10","23.08","1.93","15.77","13.08","11.54","7.31","0","2.31","3.85","0.38","0","0","0.38","0","0.77","0","0","1.54","0.38","38.09","20.77","24.89"
"145","Valeri Nichushkin","COL","R","54","209.15","3.8731481481481","4.59","1.43","0.29","1.15","6.02","52.50","13.77","33.33","2.79","18.65","17.79","16.93","15.2","0","0.86","1.72","0.86","0.86","0","0","0","0.86","0.29","1.15","2.87","0","0","0","-"
"318","Alexis Lafrenière","NYR","L","82","104.65","1.2762195121951","1.15","2.29","1.15","1.15","3.44","66.67","13.76","8.33","2.21","24.65","20.07","13.19","6.88","0","2.29","2.29","1.15","1.15","0","0","0","2.29","0","0","4.59","0","0.57","0","57.33"
"11","Kris Letang","PIT","D","82","160.4","1.9560975609756","0","1.87","0.75","1.12","1.87","55.56","5.99","0.00","0.43","17.96","8.6","7.11","0.75","0","1.12","0","0","0","0","0","0.75","2.24","1.12","1.5","1.12","1.12","0","0","-"
"46","Evander Kane","EDM","L","77","106.98333333333","1.3893939393939","1.12","2.8","1.68","1.12","3.93","77.78","12.9","8.70","2.26","28.6","20.19","16.26","7.29","0.56","3.37","8.97","2.24","1.68","0","0.56","0.56","2.24","0.56","1.68","4.49","0","1.68","2.8","21.03"
"262","Cole Guttman","CHI","C","27","53.35","1.9759259259259","2.25","1.12","0","1.12","3.37","100.00","7.87","28.57","1.45","16.87","13.5","11.25","6.75","0","3.37","0","0","0","0","0","0","0","0","1.12","3.37","1.12","0","3.37","0.00"
"330","Hendrix Lapierre","WSH","C","51","53.533333333333","1.0496732026144","0","2.24","1.12","1.12","2.24","20.00","4.48","0.00","0.89","13.45","7.85","8.97","2.24","0","2.24","0","0","0","0","0","0","1.12","0","1.12","2.24","1.12","0","5.6","0.00"
"188","Timo Meier","N.J","R","69","162.81666666667","2.3596618357488","3.69","2.58","1.47","1.11","6.26","68.00","11.42","32.26","1.91","21.01","16.58","12.53","6.26","0","2.21","0","0","0","0","0","0","0.74","0","0.74","2.95","0","6.26","5.9","18.98"
"252","Martin Necas","CAR","C","77","164.31666666667","2.1339826839827","2.92","1.83","0.73","1.1","4.75","61.90","13.51","21.62","1.16","25.56","17.89","9.86","1.46","0","1.46","0.73","0.37","0.37","0","0","0.73","1.83","0.73","0","4.38","0","0.37","0.37","18.26"
"101","Yanni Gourde","SEA","C","80","55.15","0.689375","0","2.18","1.09","1.09","2.18","40.00","6.53","0.00","1.4","9.79","8.7","8.7","6.53","0","3.26","2.18","1.09","1.09","0","0","0","0","1.09","2.18","2.18","0","25.02","20.67","59.58"
"106","Scott Laughton","PHI","C","82","110.5","1.3475609756098","0.54","2.17","1.09","1.09","2.71","62.50","10.32","5.26","1.19","21.18","15.75","9.77","4.89","0","1.63","0","0","0","0","0","0","0.54","0","1.09","1.09","0.54","16.29","15.2","28.09"
"205","Mitch Marner","TOR","R","69","220.76666666667","3.1995169082126","2.17","5.16","4.08","1.09","7.34","61.36","9.51","22.86","1.67","16.58","11.69","10.33","4.35","0","2.17","1.09","0.54","0.54","0","0","0.27","1.63","0.82","0.27","1.63","0","0","0","-"
"20","David Perron","DET","L","76","223.01666666667","2.9344298245614","1.88","2.69","1.61","1.08","4.57","50.00","11.84","15.91","1.91","22.33","17.22","13.45","4.3","0.27","1.35","1.35","0.27","0","0.27","0","0","0.81","0.27","0.81","1.88","0.27","0.27","1.88","3.36"
"130","Andre Burakovsky","SEA","L","49","111.18333333333","2.2690476190476","2.7","2.16","1.08","1.08","4.86","60.00","11.87","22.73","1.65","26.98","19.43","16.19","4.32","0","2.7","0","0","0","0","0","0","1.62","0.54","0.54","2.16","0","0","0.54","0.00"
"184","Pavel Zacha","BOS","C","78","222.11666666667","2.8476495726496","1.62","2.43","1.35","1.08","4.05","45.45","12.97","12.50","2.1","22.15","17.56","18.64","9.72","0.27","2.7","0","0","0","0","0","0","1.08","0","0.81","2.7","0","31.88","18.91","16.95"
"299","Alex Vlasic","CHI","D","76","55.566666666667","0.73114035087719","0","2.16","1.08","1.08","2.16","33.33","6.48","0.00","0.65","12.96","8.64","6.48","2.16","0","1.08","0","0","0","0","0","0","1.08","1.08","0","0","0","0","0","-"
"289","Dylan Cozens","BUF","C","79","167.45","2.1196202531646","0.72","2.87","1.79","1.07","3.58","58.82","10.75","6.67","1.38","21.86","14.69","10.39","2.15","0","1.79","0","0","0","0","0","0","2.51","0","0.72","2.15","0","24.37","29.38","16.24"
"283","Declan Chisholm","MIN, WPG","D","31","56.483333333333","1.8220430107527","2.12","3.19","2.12","1.06","5.31","62.50","8.5","25.00","0.9","18.06","13.81","4.25","2.12","0","1.06","0","0","0","0","0","0","1.06","0","0","0","1.06","0","0","-"
"29","Erik Karlsson","PIT","D","82","286.58333333333","3.494918699187","0.42","3.14","2.09","1.05","3.56","54.84","8.79","4.76","0.78","23.87","13.19","7.54","0.42","0","1.88","2.09","1.05","1.05","0","0","0","2.3","1.67","0.21","0.63","0.63","0","0","-"
"52","Tyson Barrie","NSH","D","41","114.35","2.7890243902439","0","3.15","2.1","1.05","3.15","40.00","9.97","0.00","0.57","22.56","11.54","6.82","0.52","0","2.1","5.25","2.62","2.62","0","0","0","2.1","0","0","3.15","0.52","0","0","-"
"209","Anthony Cirelli","T.B","C","79","114.41666666667","1.4483122362869","2.1","2.1","1.05","1.05","4.2","47.06","4.72","44.44","0.83","8.91","7.87","7.34","4.72","0","1.57","1.05","0.52","0.52","0","0","0","0.52","0","1.05","2.62","0","14.68","19.93","22.25"
"175","Michael Bunting","CAR, PIT","L","81","230.83333333333","2.8497942386831","1.82","3.64","2.6","1.04","5.46","55.26","12.48","14.58","2.78","24.95","18.45","20.01","10.66","0","4.16","1.56","0.78","0.78","0","0","0.78","2.34","0.52","0.78","1.82","0","0","0.52","0.00"
"233","Ross Colton","COL","C","80","115.1","1.43875","1.56","1.56","0.52","1.04","3.13","66.67","11.47","13.64","2.83","18.77","17.72","15.12","13.03","0","3.13","0","0","0","0","0","0.52","0.52","1.04","1.04","2.09","0","14.07","13.03","27.07"
"313","Marco Rossi","MIN","C","82","172.76666666667","2.1069105691057","0.69","1.39","0.35","1.04","2.08","40.00","13.2","5.26","1.93","20.84","17.36","14.93","6.25","0","2.78","6.6","1.39","0.69","0.35","0.35","0.69","1.04","0.69","0","1.74","0.35","7.99","6.25","19.48"
"76","Brendan Gallagher","MTL","R","77","119.23333333333","1.5484848484848","0.5","1.51","0.5","1.01","2.01","80.00","8.05","6.25","1.59","18.62","14.09","11.57","7.05","0","3.52","1.01","0.5","0.5","0","0","0","0.5","0","0","2.52","0","3.02","3.02","25.16"
"206","Joel Eriksson Ek","MIN","C","77","299.51666666667","3.8898268398268","2.4","1.8","0.8","1","4.21","42.00","16.83","14.29","4.3","24.84","22.84","23.04","19.63","0.2","5.01","0.8","0.4","0.4","0","0","0.8","0.2","0.4","2.6","2.8","0.2","40.87","27.04","12.05"
"19","James van Riemsdyk","BOS","L","71","181.35","2.5542253521127","1.99","1.99","0.99","0.99","3.97","52.17","12.24","16.22","2.91","19.52","17.54","17.87","16.21","0","2.98","2.65","1.32","1.32","0","0","0","0.99","0","0","1.32","0","1.32","1.65","14.70"
"129","Andrew Copp","DET","C","79","61.216666666667","0.77489451476793","0.98","1.96","0.98","0.98","2.94","50.00","7.84","12.50","1.77","11.76","9.8","8.82","4.9","0","0","0","0","0","0","0","0","3.92","0","0","0.98","0","26.46","6.86","77.83"
"275","Rasmus Dahlin","BUF","D","81","245.38333333333","3.0294238683128","1.47","3.42","2.45","0.98","4.89","66.67","12.47","11.76","0.89","24.94","16.38","8.8","0.98","0","2.45","0.98","0.49","0.49","0","0","0.49","0.73","2.2","1.96","0.98","0.49","0","0","-"
"186","Jack Eichel","VGK","C","63","247.93333333333","3.9354497354497","2.66","2.66","1.69","0.97","5.32","66.67","19.6","13.58","1.68","31.46","23.23","11.37","3.39","0","2.42","0.97","0.48","0.48","0","0","0.48","1.21","1.45","0","1.94","0","5.81","8.23","10.01"
"308","Juuso Parssinen","NSH","C","44","61.55","1.3988636363636","1.95","0.97","0","0.97","2.92","60.00","8.77","22.22","1.36","13.65","10.72","9.75","4.87","0","0.97","0","0","0","0","0","0","0.97","0.97","0","3.9","0","5.85","15.6","26.59"
"250","Morgan Frost","PHI","C","71","186.63333333333","2.6286384976526","0.96","2.57","1.61","0.96","3.54","78.57","10.61","9.09","1.68","22.18","15.75","12.86","6.11","0","2.57","1.29","0.64","0.64","0","0","0.32","1.93","0.32","0","1.93","0.32","20.25","15.11","18.41"
"261","Drake Batherson","OTT","R","82","250.21666666667","3.0514227642276","1.68","3.6","2.64","0.96","5.28","68.75","10.31","16.28","2.06","18.94","15.83","13.43","8.15","0","1.2","0.48","0.24","0.24","0","0","0","1.44","0.24","2.16","2.64","0","0.96","1.2","10.66"
"294","Bobby Brink","PHI","R","57","126.26666666667","2.2152046783626","1.43","0.95","0","0.95","2.38","71.43","9.03","15.79","1.56","19.01","13.78","11.4","4.28","0","1.43","0.95","0.48","0.48","0","0","0","0.48","0","0.48","5.23","0.48","0","0","-"
"69","Jeff Skinner","BUF","L","74","191.18333333333","2.5835585585586","2.51","1.26","0.31","0.94","3.77","50.00","16.63","15.09","2.46","26.68","21.34","16.95","7.22","0","3.77","0","0","0","0","0","0.31","1.88","1.26","0.94","2.2","0","2.82","2.51","16.61"
"237","Kailer Yamamoto","SEA","R","59","127.43333333333","2.1598870056497","0.94","1.88","0.94","0.94","2.83","33.33","5.18","18.18","1.56","12.24","10.36","12.24","9.89","0","0.94","2.83","1.41","1.41","0","0","0","0.47","0","0","5.18","0.47","3.3","2.83","25.35"
"242","Adam Ruzicka","ARI, CGY","C","42","63.5","1.5119047619048","0","3.78","2.83","0.94","3.78","100.00","6.61","0.00","0.8","15.12","9.45","7.56","1.89","0","3.78","1.89","0.94","0.94","0","0","0.94","0.94","0","0","1.89","0.94","5.67","3.78","56.69"
"300","Philip Tomasino","NSH","C","41","65.983333333333","1.6093495934959","0","3.64","2.73","0.91","3.64","80.00","2.73","0.00","0.49","9.09","5.46","6.37","0","0","0.91","0","0","0","0","0","0","5.46","0.91","0","4.55","0","0","4.55","0.00"
"142","Sean Monahan","MTL, WPG","C","83","272.73333333333","3.2859437751004","1.98","2.64","1.76","0.88","4.62","51.22","9.68","20.45","2.18","16.06","13.64","14.96","9.24","0","1.98","0.44","0.22","0.22","0","0","0","0.66","0.88","0.66","1.1","0","28.38","24.86","11.73"
"200","Anthony Beauvillier","CHI, NSH, VAN","L","60","68.133333333333","1.1355555555556","1.76","1.76","0.88","0.88","3.52","66.67","10.57","16.67","1.41","19.37","14.97","12.33","3.52","0","1.76","0","0","0","0","0","0","1.76","0.88","0.88","0.88","0","0.88","3.52","17.61"
"311","Connor Zary","CGY","C","63","136.66666666667","2.1693121693122","0.44","1.32","0.44","0.88","1.76","44.44","7.02","6.25","1.13","15.8","10.54","7.02","2.63","0","1.32","0.88","0.44","0.44","0","0","0.44","2.2","0","0.88","3.51","0","0","1.32","0.00"
"172","Michael Amadio","VGK","R","73","68.8","0.94246575342466","2.62","1.74","0.87","0.87","4.36","62.50","15.7","16.67","1.72","22.67","17.44","12.21","4.36","0","1.74","1.74","0.87","0.87","0","0","0","1.74","0.87","0.87","3.49","0","0.87","1.74","29.07"
"47","Brayden Schenn","STL","C","82","208.43333333333","2.5418699186992","1.15","2.3","1.44","0.86","3.45","52.17","14.39","8.00","2.16","27.06","21.3","15.26","4.32","0.29","1.73","2.59","0.86","0.58","0.29","0","0.86","1.44","1.15","2.02","3.17","0","17.85","10.36","18.21"
"148","Alexander Wennberg","NYR, SEA","C","79","139.5","1.7658227848101","1.29","1.29","0.43","0.86","2.58","27.27","7.31","17.65","1.93","12.04","10.32","10.32","7.31","0","1.29","0.86","0.43","0.43","0","0","0.43","1.29","0","0.86","1.72","0","27.1","22.8","23.36"
"268","Brady Tkachuk","OTT","L","81","278.51666666667","3.4384773662551","2.59","2.15","1.29","0.86","4.74","66.67","17.88","14.46","3.55","28.44","25.42","21.76","12.28","0","4.09","0.43","0.22","0.22","0","0","0","2.37","0.65","2.8","1.72","0","22.4","16.59","12.38"
"149","Ryan Pulock","NYI","D","58","71.783333333333","1.2376436781609","1.67","3.34","2.51","0.84","5.02","85.71","14.21","11.76","0.84","30.93","18.39","5.85","0","0","2.51","0","0","0","0","0","0","1.67","0","0","0.84","0.84","0","0","-"
"270","Joe Veleno","DET","C","80","72.133333333333","0.90166666666667","2.5","1.66","0.83","0.83","4.16","41.67","9.98","25.00","2.6","13.31","13.31","12.48","9.98","0.83","0","0","0","0","0","0","0","0.83","0","0.83","4.16","0.83","27.45","20.79","47.33"
"341","William Eklund","S.J","L","80","216.38333333333","2.7047916666667","2.22","2.22","1.39","0.83","4.44","57.14","9.98","22.22","2.08","22.46","16.64","13.86","5.27","0","2.22","1.66","0.83","0.83","0","0","0","0.55","0","0.28","2.22","0.55","2.22","2.5","13.05"
"348","Wyatt Johnston","DAL","C","82","145.35","1.7725609756098","1.24","2.89","2.06","0.83","4.13","58.82","10.73","11.54","2.39","25.59","17.34","18.16","8.67","0","2.06","1.65","0.83","0.83","0","0","0.41","0.83","0","0.83","1.24","0","2.89","0.83","32.11"
"39","Marcus Johansson","MIN","L","78","146.53333333333","1.8786324786325","0.41","2.05","1.23","0.82","2.46","40.00","8.6","4.76","1.4","16.38","12.28","11.06","4.91","0","2.05","0.82","0.41","0.41","0","0","0.41","1.64","0.41","0.41","2.05","0.41","0.41","2.05","6.82"
"307","Valtteri Puustinen","PIT","R","52","74.1","1.425","0","1.62","0.81","0.81","1.62","28.57","11.34","0.00","1.81","17.81","14.57","11.34","5.67","0","0","0","0","0","0","0","0","1.62","0.81","0","1.62","0","0","0","-"
"271","Filip Zadina","S.J","R","72","74.733333333333","1.037962962963","2.41","0.8","0","0.8","3.21","66.67","7.23","33.33","2.11","18.47","15.25","11.24","8.03","0","1.61","0","0","0","0","0","0.8","1.61","0.8","0","4.01","0","2.41","6.42","21.90"
"194","Brock Boeser","VAN","R","81","305.15","3.7672839506173","3.15","1.77","0.98","0.79","4.92","48.08","15.53","20.25","3.36","25.56","20.65","20.25","11.6","0","2.56","0.39","0.2","0.2","0","0","0.2","0.39","0.59","0.59","1.38","0.2","0","0","-"
"357","Connor Bedard","CHI","C","68","228.91666666667","3.3664215686275","1.05","4.46","3.67","0.79","5.5","67.74","13.63","7.69","1.72","29.36","21.49","17.04","3.41","0","1.05","0","0","0","0","0","0.79","2.1","2.1","0","2.1","0","1.83","2.36","11.47"
"358","Zach Benson","BUF","L","71","75.55","1.0640845070423","0","1.59","0.79","0.79","1.59","40.00","11.12","0.00","1.45","13.5","12.71","10.32","6.35","0","0","1.59","0.79","0.79","0","0","0","1.59","0","0","0.79","0","0","0","-"
"34","Adam Henrique","ANA, EDM","C","82","153.66666666667","1.8739837398374","1.95","1.95","1.17","0.78","3.9","45.45","9.76","20.00","1.93","19.91","16.79","16.01","7.81","0","1.95","2.73","0.78","0.39","0.39","0","0.39","0.39","0","1.95","0.39","0.39","28.89","27.72","19.93"
"153","Sam Reinhart","FLA","C","82","308.2","3.7585365853659","5.26","1.36","0.58","0.78","6.62","68.00","15.57","33.75","3.6","30.18","24.72","26.28","15.77","0","3.7","1.17","0.58","0.58","0","0","0","0.58","0.39","0.19","3.11","0.19","7.01","9.34","8.34"
"309","Matias Maccelli","ARI","L","82","153.78333333333","1.875406504065","0.78","3.9","3.12","0.78","4.68","57.14","10.14","7.69","0.82","17.17","11.7","7.8","1.17","0.39","1.17","0.78","0.39","0.39","0","0","0.39","2.34","0.78","0","1.95","0","0","0","-"
"92","Mark Scheifele","WPG","C","74","232.68333333333","3.1443693693694","1.55","3.09","2.32","0.77","4.64","60.00","8.77","17.65","1.44","14.44","11.86","10.57","4.64","0","1.55","1.03","0.52","0.52","0","0","1.03","1.03","0.26","0.26","4.9","0","21.14","22.43","12.51"
"331","Cole Perfetti","WPG","C","71","156.13333333333","2.1990610328638","1.92","2.31","1.54","0.77","4.23","61.11","11.91","16.13","1.87","18.45","16.14","14.6","6.53","0","2.69","0.77","0.38","0.38","0","0","0","0","0.77","0.38","2.31","0","4.61","3.84","20.96"
"334","JJ Peterka","BUF","R","82","157.78333333333","1.9241869918699","1.14","1.52","0.76","0.76","2.66","63.64","11.03","10.34","1.08","20.91","15.97","9.51","1.52","0.38","0.76","0","0","0","0","0","1.52","0.76","0.38","0","2.66","0","0","0","-"
"221","Alex DeBrincat","DET","R","82","238.83333333333","2.9126016260163","2.76","2.01","1.26","0.75","4.77","54.29","15.32","18.03","2.31","27.89","22.11","13.31","2.76","0","1.51","1.51","0.75","0.75","0","0","0.5","1.76","0.25","1","1.26","0","0.25","2.01","2.79"
"316","Seth Jarvis","CAR","C","81","238.46666666667","2.9440329218107","3.27","1.76","1.01","0.75","5.03","44.44","12.83","25.49","3.12","20.13","18.37","17.86","12.83","0.25","2.77","1.01","0.5","0.5","0","0","0.25","1.51","0","3.02","3.02","0","6.79","6.54","12.82"
"14","Kyle Okposo","BUF, FLA","R","67","81.333333333333","1.2139303482587","1.48","1.48","0.74","0.74","2.95","57.14","11.07","13.33","1.99","14.75","13.28","11.07","8.11","0","2.95","0","0","0","0","0","0","0","0.74","0.74","0.74","0","10.33","10.33","36.89"
"112","Oskar Sundqvist","STL","C","71","81.883333333333","1.1532863849765","2.2","1.47","0.73","0.73","3.66","71.43","7.33","30.00","1.37","9.53","8.06","9.53","5.86","0","1.47","1.47","0.73","0.73","0","0","0.73","0","0","0.73","4.4","0","5.86","5.13","39.08"
"9","Anze Kopitar","L.A","C","81","248.45","3.0672839506173","2.17","3.38","2.66","0.72","5.55","58.97","7.73","28.13","1.18","11.83","10.38","8.21","4.35","0","1.69","0","0","0","0","0","0.24","1.69","0.72","0","0.48","0","34.53","26.08","13.76"
"98","Rickard Rakell","PIT","R","70","166.33333333333","2.3761904761905","1.44","0.72","0","0.72","2.16","35.29","12.99","11.11","2.84","22","18.04","14.07","9.38","0","5.05","1.44","0.72","0.72","0","0","0.72","0.36","1.08","3.61","2.89","0","0","0.36","0.00"
"116","Colton Sissons","NSH","C","81","166.5","2.0555555555556","1.08","1.44","0.72","0.72","2.52","30.43","12.61","8.57","2.75","21.98","19.82","18.02","11.89","0","3.6","1.44","0.72","0.72","0","0","0","0.72","0.36","2.16","1.44","0","17.3","13.69","20.11"
"42","Jakob Silfverberg","ANA","R","81","169.63333333333","2.0942386831276","0.35","1.06","0.35","0.71","1.41","21.05","2.83","12.50","0.76","7.07","5.31","5.31","3.89","0","0","0.71","0.35","0.35","0","0","0","0.35","0.71","0.35","3.54","0.35","0","0.35","0.00"
"59","Tyler Toffoli","N.J, WPG","C, R","79","255.21666666667","3.2305907172996","2.59","1.65","0.94","0.71","4.23","43.90","14.58","17.74","2.55","24.92","19.04","17.63","8.93","0","2.12","0.47","0.24","0.24","0","0","0.24","1.18","0.47","1.18","2.82","0","0.94","1.41","9.40"
"123","Pavel Buchnevich","STL","L","80","252.2","3.1525","1.9","2.38","1.67","0.71","4.28","52.94","11.18","17.02","1.93","21.41","16.42","17.13","8.33","0.24","1.19","1.43","0.71","0.71","0","0","0.48","2.38","0.24","0.48","1.9","0","0.71","0.71","11.90"
"314","Jake Neighbours","STL","L","77","169.51666666667","2.2015151515152","2.83","2.12","1.42","0.71","4.96","51.85","12.39","22.86","2.75","18.05","15.57","16.28","12.74","0.35","3.19","2.12","1.06","1.06","0","0","1.06","0.35","0.35","0.35","2.48","0","0","0.35","0.00"
"54","Erik Haula","N.J","L","76","85.633333333333","1.1267543859649","0.7","1.4","0.7","0.7","2.1","60.00","11.91","5.88","1.9","21.72","16.82","12.61","7.71","0","1.4","4.2","2.1","2.1","0","0","0","2.1","0","1.4","1.4","1.4","16.12","21.02","30.41"
"18","Kevin Shattenkirk","BOS","D","61","87.883333333333","1.4407103825137","1.37","6.14","5.46","0.68","7.51","73.33","9.56","14.29","0.54","16.39","10.92","5.46","0","0","2.05","0","0","0","0","0","0","0","1.37","0","0","1.37","0","0","-"
"179","Andrew Mangiapane","CGY","L","75","88.483333333333","1.1797777777778","1.36","0.68","0","0.68","2.03","42.86","10.85","12.50","1.96","19.66","17.63","15.6","5.42","0","2.71","2.71","1.36","1.36","0","0","0","0.68","0.68","2.03","1.36","0","0","0","-"
"67","Vladimir Tarasenko","FLA, OTT","R","76","178.08333333333","2.343201754386","1.01","2.02","1.35","0.67","3.03","56.25","15.5","6.52","1.97","27.96","19.88","11.12","6.06","0","4.38","0","0","0","0","0","0","1.01","0","0.34","2.02","0.67","0","0","-"
"86","William Karlsson","VGK","C","70","179.98333333333","2.5711904761905","2.33","2.67","2","0.67","5","65.22","12.33","18.92","2.22","19.67","16.33","14","7.67","0","1.33","0.67","0.33","0.33","0","0","0","1.67","1","0.67","2.33","0.67","33","21","20.37"
"157","Nikolaj Ehlers","WPG","L","82","180.73333333333","2.2040650406504","0","2.32","1.66","0.66","2.32","87.50","9.63","0.00","1.07","27.55","16.93","7.3","0.66","0","1.99","0","0","0","0","0","0","1","0","0.33","2.32","0.66","0","1","0.00"
"80","Vincent Trocheck","NYR","C","82","285.03333333333","3.4760162601626","2.32","2.74","2.11","0.63","5.05","41.38","13.05","17.74","2.8","24.84","21.05","21.05","9.89","0","2.11","1.68","0.84","0.84","0","0","0.21","0.63","0.84","0.63","2.53","0","42.31","23.79","13.47"
"279","Rasmus Sandin","WSH","D","68","95.35","1.4022058823529","0","3.15","2.52","0.63","3.15","38.46","4.4","0.00","0.25","11.96","5.66","2.52","0","0","1.89","1.26","0.63","0.63","0","0","0","1.26","1.26","1.26","0","2.52","0","0","-"
"50","Chris Kreider","NYR","L","82","289.05","3.525","3.74","2.28","1.66","0.62","6.02","49.15","15.15","24.66","3.55","23.66","21.8","22.42","17.64","0.21","3.53","0.83","0.42","0.42","0","0","0","0.83","0.42","1.66","0.62","0.21","0.21","0.42","6.92"
"78","Ondrej Palat","N.J","L","71","100.55","1.4161971830986","0.6","2.39","1.79","0.6","2.98","71.43","5.97","10.00","1.29","9.55","8.35","7.76","5.97","0","0","0","0","0","0","0","0","2.98","0","1.19","2.98","0","0","0.6","0.00"
"3","Corey Perry","CHI, EDM","R","54","100.98333333333","1.8700617283951","1.78","0.59","0","0.59","2.38","57.14","9.51","18.75","2.3","13.67","13.67","12.48","11.29","0","3.56","0","0","0","0","0","0","1.78","0","0.59","2.97","0","0","0","-"
"259","Fabian Zetterlund","S.J","L","82","203.16666666667","2.4776422764228","1.77","2.95","2.36","0.59","4.73","55.17","10.34","17.14","1.82","23.63","16.24","13.58","6.5","0","1.77","0.59","0.3","0.3","0","0","0","1.48","1.18","0.59","0.89","0.3","1.48","2.95","9.84"
"146","Max Domi","TOR","C","80","103.28333333333","1.2910416666667","0.58","0.58","0","0.58","1.16","20.00","8.71","6.67","1.23","23.24","14.52","12.78","2.32","0.58","2.9","2.32","1.16","1.16","0","0","1.16","2.32","1.16","0.58","4.07","0.58","17.43","16.27","30.05"
"326","Alexander Holtz","N.J","R","82","103.58333333333","1.2632113821138","0.58","0.58","0","0.58","1.16","28.57","5.79","10.00","0.88","17.96","9.85","8.69","1.74","0","1.16","1.16","0.58","0.58","0","0","0","1.16","0","0","4.05","0","0","0","-"
"177","Pierre Engvall","NYI","L","74","105.18333333333","1.4213963963964","1.14","2.85","2.28","0.57","3.99","87.50","6.85","16.67","0.54","15.4","9.13","4.56","0.57","0","1.14","2.28","1.14","1.14","0","0","0","2.85","0.57","1.14","5.7","0.57","2.28","2.28","28.52"
"246","Owen Tippett","PHI","R","78","209.21666666667","2.682264957265","1.43","0.86","0.29","0.57","2.29","61.54","16.35","8.77","1.74","31.83","20.94","11.47","2.87","0","2.29","0","0","0","0","0","0","0.86","0.86","2.01","2.87","0.29","0.29","0.29","14.34"
"4","Joe Pavelski","DAL","C","82","219.26666666667","2.6739837398374","3.01","2.74","2.19","0.55","5.75","52.50","15.87","18.97","3.16","24.63","20.8","22.44","13.13","0","3.56","1.09","0.55","0.55","0","0","0","1.09","1.09","0.82","1.92","0.55","10.95","10.12","14.22"
"141","Elias Lindholm","CGY, VAN","C","75","216.21666666667","2.8828888888889","1.66","1.66","1.11","0.55","3.33","70.59","10.54","15.79","2.2","19.42","16.65","13.04","7.49","0","2.5","0","0","0","0","0","0","1.39","0.55","0.83","2.77","0.28","24.14","14.98","17.12"
"266","Philipp Kurashev","CHI","C","75","221.01666666667","2.9468888888889","1.63","3.53","2.99","0.54","5.16","67.86","10.59","15.38","1.37","21.45","16.02","8.69","3.53","0","2.17","0.54","0.27","0.27","0","0","0","1.63","0.81","0.54","0.81","0","7.06","7.6","13.07"
"304","Jordan Spence","L.A","D","71","111.03333333333","1.5638497652582","0.54","2.7","2.16","0.54","3.24","50.00","8.11","6.67","0.48","23.78","11.89","7.57","1.08","0","3.24","0","0","0","0","0","0","0.54","0.54","2.16","1.08","0","0","0","-"
"360","Adam Fantilli","CBJ","C","49","111.3","2.2714285714286","0.54","1.08","0.54","0.54","1.62","60.00","12.4","4.35","1.77","26.42","18.87","15.09","2.16","0.54","2.7","1.08","0.54","0.54","0","0","0.54","0.54","0.54","1.08","3.77","0","8.63","8.63","26.95"
"192","Travis Konecny","PHI","R","76","227.71666666667","2.9962719298246","1.05","1.32","0.79","0.53","2.37","52.94","10.54","10.00","1.99","23.98","17.92","14.23","5.01","0","2.9","2.11","1.05","1.05","0","0","0.79","0.79","0.53","0.26","1.05","0","0.53","0.79","10.54"
"264","Pius Suter","VAN","C","67","113.35","1.6917910447761","1.06","1.59","1.06","0.53","2.65","38.46","10.06","10.53","1.81","17.47","13.76","15.35","8.47","0.53","3.71","1.06","0.53","0.53","0","0","1.06","0.53","1.59","0.53","0.53","0.53","16.94","11.65","31.37"
"319","Dawson Mercer","N.J","C","82","118.6","1.4463414634146","2.02","0.51","0","0.51","2.53","55.56","8.09","25.00","1.53","12.65","9.61","10.62","7.08","0","0","1.01","0.51","0.51","0","0","1.01","0.51","0.51","0.51","2.02","0","3.04","3.54","23.35"
"71","Ryan Johansen","COL","C","63","120.73333333333","1.9164021164021","1.99","0.99","0.5","0.5","2.98","50.00","9.44","21.05","1.61","14.41","11.43","11.43","6.96","0","1.99","1.99","0.99","0.99","0","0","0","1.99","0.5","0.99","0.5","0","32.3","24.85","28.09"
"144","Bo Horvat","NYI","C","81","241.4","2.9802469135802","2.49","1.99","1.49","0.5","4.47","47.37","11.93","20.83","1.69","24.61","16.16","19.88","5.97","0","2.98","2.24","0.75","0.5","0.25","0","0.25","0.99","0.25","0.5","1.24","0","34.8","26.84","14.03"
"170","Ryan Donato","CHI","C","78","119.65","1.5339743589744","0.5","1","0.5","0.5","1.5","75.00","11.03","4.55","2.2","20.06","15.55","13.54","6.02","0.5","3.01","1","0.5","0.5","0","0","0.5","0.5","0.5","0.5","2.01","0.5","8.02","10.03","22.29"
"193","Dylan Strome","WSH","C","82","242.36666666667","2.9556910569106","1.49","3.96","3.47","0.5","5.45","70.97","10.89","13.64","2.08","16.59","13.62","12.13","7.43","0","4.95","0.5","0.25","0.25","0","0","0","2.23","0.5","0","0.74","0.5","40.85","28.72","14.54"
"72","Tyler Seguin","DAL","C","68","121.56666666667","1.7877450980392","1.48","2.47","1.97","0.49","3.95","50.00","9.38","15.79","1.48","17.77","13.33","9.38","5.43","0","1.97","0.99","0.49","0.49","0","0","0","2.47","0.49","0","2.47","0","14.31","11.35","27.53"
"241","Nico Hischier","N.J","C","71","243.71666666667","3.4326291079812","1.48","2.71","2.22","0.49","4.19","45.95","14.03","10.53","2.65","21.91","17.48","17.97","11.32","0.25","3.69","0","0","0","0","0","0.25","1.48","0.49","0.49","2.46","0","37.67","25.36","14.71"
"359","Leo Carlsson","ANA","C","55","121.81666666667","2.2148484848485","1.97","2.46","1.97","0.49","4.43","52.94","9.36","21.05","1.28","17.24","12.31","8.87","4.43","0.49","0.99","0.99","0.49","0.49","0","0","0","0.99","0.49","0.49","0","0","2.96","5.42","17.38"
"82","Jean-Gabriel Pageau","NYI","C","82","124.7","1.5207317073171","0.48","0.48","0","0.48","0.96","25.00","4.81","10.00","1.01","10.59","7.7","8.66","4.33","0","0","0","0","0","0","0","0","1.44","0.48","0.48","3.85","0","28.87","24.06","26.24"
"128","Nicholas Paul","T.B","L","82","252.65","3.0810975609756","2.14","1.19","0.71","0.47","3.32","26.92","6.89","31.03","2.07","12.59","10.92","11.4","9.02","0","1.42","1.66","0.47","0.24","0.24","0","0.24","0.71","0.24","0.71","2.61","0.24","23.51","19","13.13"
"70","Zach Hyman","EDM","L","80","260.66666666667","3.2583333333333","3.45","1.15","0.69","0.46","4.6","37.74","14.73","23.44","3.39","21.41","20.03","20.26","17.26","0","2.99","3.22","1.61","1.61","0","0","0.46","0.69","0.23","0.69","2.53","0","0","0","-"
"226","Taylor Raddysh","CHI","R","73","131.86666666667","1.8063926940639","0.46","0.91","0.46","0.46","1.37","37.50","5.92","7.69","1.36","13.65","10.92","8.65","5.92","0","2.73","0.91","0.46","0.46","0","0","0","0.91","2.28","0","1.37","0","1.37","1.37","22.75"
"345","Dylan Guenther","ARI","R","45","131.83333333333","2.9296296296296","4.1","1.82","1.37","0.46","5.92","65.00","14.11","29.03","1.83","26.4","22.76","15.47","1.82","0.46","1.37","0.91","0.46","0.46","0","0","0","0.46","0.46","1.37","3.64","0","0","0.91","0.00"
"207","Jake DeBrusk","BOS","L","80","136.06666666667","1.7008333333333","0.88","3.53","3.09","0.44","4.41","55.56","10.14","8.70","2.36","20.73","16.76","16.32","11.46","0","2.65","0.88","0.44","0.44","0","0","0","1.32","0.88","0.88","3.97","0","0","0","-"
"74","Nino Niederreiter","WPG","R","77","139.71666666667","1.8145021645022","1.29","0.43","0","0.43","1.72","36.36","4.72","27.27","0.84","9.88","7.3","6.87","5.15","0","0.43","1.72","0.86","0.86","0","0","0.43","1.29","0","1.29","2.15","0","6.87","6.01","22.90"
"118","Josh Anderson","MTL","R","78","140.11666666667","1.7963675213675","0","0.86","0.43","0.43","0.86","22.22","10.28","0.00","1.65","15.84","14.56","11.99","5.57","0","1.28","7.71","2.14","1.71","0","0.43","1.28","0","0.43","2.57","4.28","0","1.28","1.28","21.41"
"212","Conor Garland","VAN","R","82","139.76666666667","1.7044715447154","0.43","1.72","1.29","0.43","2.15","38.46","6.01","7.14","1.11","13.31","8.59","8.59","4.72","0","1.72","0.86","0.43","0.43","0","0","0","0.86","0.43","0.43","4.29","0.43","0","0.86","0.00"
"256","Alex Iafallo","WPG","L","82","140.41666666667","1.7123983739837","0.85","1.28","0.85","0.43","2.14","33.33","8.12","10.53","1.79","17.09","14.1","14.1","7.26","0","1.28","0","0","0","0","0","0","1.28","0.43","0.43","1.28","0","0","0","-"
"16","Alex Killorn","ANA","C, L","63","144.05","2.2865079365079","2.08","0.83","0.42","0.42","2.92","53.85","11.66","17.86","2.02","17.91","14.99","14.99","8.33","0","1.67","1.67","0.83","0.83","0","0","0.42","1.25","0.83","1.67","1.67","0.42","1.25","1.25","20.83"
"68","Jaden Schwartz","SEA","C","62","145.35","2.3443548387097","2.89","1.24","0.83","0.41","4.13","50.00","12.38","23.33","2.16","15.27","14.04","13.62","11.56","0","1.65","2.48","1.24","1.24","0","0","0.41","1.65","0.83","0.41","2.06","0","25.18","13.62","26.79"
"310","Dmitri Voronkov","CBJ","L","75","148.5","1.98","2.42","0.81","0.4","0.4","3.23","40.00","12.12","20.00","2.4","19.39","17.37","16.16","11.31","0","0.4","0.81","0.4","0.4","0","0","0","2.42","0.4","1.21","0.81","0","15.35","20.2","17.45"
"168","Ivan Barbashev","VGK","C","82","153.31666666667","1.8697154471545","1.17","0.78","0.39","0.39","1.96","29.41","7.83","15.00","1.47","14.48","11.74","11.74","7.04","0","0.39","0.78","0.39","0.39","0","0","0","0.78","0.78","0.78","1.57","0","2.74","1.96","22.83"
"245","Gabriel Vilardi","WPG","C","47","154.36666666667","3.2843971631206","3.5","1.94","1.55","0.39","5.44","73.68","15.16","23.08","3.2","22.54","20.6","22.16","16.32","0","2.72","0","0","0","0","0","0.39","1.55","0.39","0","2.72","0","1.55","5.44","8.64"
"84","Boone Jenner","CBJ","C","58","159.96666666667","2.7580459770115","1.88","1.13","0.75","0.38","3","72.73","12","15.63","2.45","21.38","18.75","17.25","13.88","0","0.75","2.25","1.13","1.13","0","0","0","1.88","0.38","0.38","1.5","0","32.63","26.26","20.78"
"227","Pierre-Luc Dubois","L.A","C","82","173.06666666667","2.1105691056911","2.43","0.69","0.35","0.35","3.12","52.94","9.01","26.92","2.16","19.07","15.6","13.17","6.59","0","1.39","1.39","0.69","0.69","0","0","0","0.69","0","1.39","2.43","0","6.59","5.2","19.37"
"93","Sean Couturier","PHI","C","74","179.71666666667","2.4286036036036","1","1.34","1","0.33","2.34","46.67","11.35","8.82","1.88","18.7","14.02","12.69","8.35","0","2.34","0","0","0","0","0","0","1.34","0.33","1","1.67","0","33.05","25.04","19.00"
"134","J.T. Compher","DET","L","77","193.41666666667","2.5119047619048","1.55","1.55","1.24","0.31","3.1","38.46","9.62","16.13","2.17","12.72","11.48","12.1","9","0","1.86","0","0","0","0","0","0.62","1.55","0","0","2.79","0","10.24","12.72","13.83"
"282","Kirill Marchenko","CBJ","R","78","191.01666666667","2.4489316239316","2.83","1.26","0.94","0.31","4.08","50.00","15.08","18.75","2.03","24.81","20.42","16.02","3.46","0.63","0.94","0.63","0.31","0.31","0","0","0","2.2","0.31","1.26","3.14","0","1.57","2.2","13.09"
"333","Tyson Foerster","PHI","R","77","195.51666666667","2.5391774891775","1.23","1.23","0.92","0.31","2.46","44.44","12.58","9.76","1.82","22.4","17.49","13.81","4.91","0","2.46","0","0","0","0","0","0","0.31","1.84","2.15","2.76","0","0","0","-"
"355","Juraj Slafkovsky","MTL","L","82","243.38333333333","2.9680894308943","1.48","2.22","1.97","0.25","3.7","48.39","8.14","18.18","1.46","18.98","12.08","9.61","3.7","0","1.97","3.7","1.48","1.23","0.25","0","0.74","0.74","0.49","0.25","3.2","0","0","0","-"
"1","Jeff Carter","PIT","C","72","120.4","1.6722222222222","1.99","0","0","0","1.99","57.14","9.47","21.05","2.27","20.93","14.95","13.46","8.97","0","1.99","1","0.5","0.5","0","0","0","1.99","0.5","1.5","0.5","0.5","20.93","9.97","33.76"
"7","Blake Wheeler","NYR","R","54","54.266666666667","1.0049382716049","1.11","0","0","0","1.11","50.00","12.16","9.09","1.87","17.69","16.58","13.27","5.53","0","0","0","0","0","0","0","0","0","1.11","0","2.21","0","17.69","12.16","65.52"
"22","Mikael Backlund","CGY","C","82","147.48333333333","1.7985772357724","0.81","0.41","0.41","0","1.22","30.00","10.17","8.00","1.99","19.12","15.87","14.24","8.54","0","2.03","0","0","0","0","0","0","2.85","0.41","0.41","2.03","0","24","17.09","23.77"
"25","Lars Eller","PIT","C","82","120.08333333333","1.4644308943089","2","0.5","0.5","0","2.5","55.56","8.99","22.22","1.48","20.49","13.99","10.99","6.5","0","3","1","0.5","0.5","0","0","0","1","0","0","2","0","11.49","5.5","33.80"
"53","Mattias Ekholm","EDM","D","79","69.4","0.87848101265823","1.73","0.86","0.86","0","2.59","60.00","7.78","22.22","0.87","13.83","9.51","7.78","2.59","0","3.46","0","0","0","0","0","0","3.46","1.73","1.73","2.59","0.86","0","0","-"
"55","Anders Lee","NYI","L","81","139.4","1.720987654321","2.15","0","0","0","2.15","38.46","10.76","20.00","2.78","18.08","17.65","15.49","14.2","0","1.29","4.73","1.72","1.29","0.43","0","0.86","0.86","0.43","2.58","3.01","0.43","1.29","0.86","25.82"
"57","Calle Jarnkrok","TOR","C","52","65.9","1.2673076923077","0","0.91","0.91","0","0.91","20.00","10.02","0.00","2.25","18.21","13.66","14.57","10.93","0","0","1.82","0.91","0.91","0","0","0","0.91","0","0.91","5.46","0","0.91","8.19","9.10"
"81","Blake Coleman","CGY","C","78","74.8","0.95897435897436","2.41","0","0","0","2.41","60.00","12.03","20.00","3.28","20.05","18.45","15.24","10.43","0","3.21","1.6","0.8","0.8","0","0","0","1.6","0.8","2.41","3.21","0","1.6","1.6","40.11"
"85","Brandon Saad","STL","L","82","136.71666666667","1.6672764227642","2.19","0","0","0","2.19","45.45","8.34","26.32","1.2","15.36","12.29","12.29","4.39","0","1.32","0.88","0.44","0.44","0","0","0","0.88","1.32","0.44","2.19","0","0.44","0.88","14.63"
"97","Vladislav Namestnikov","WPG","C","78","102.75","1.3173076923077","1.75","1.17","1.17","0","2.92","38.46","6.42","27.27","0.98","10.51","8.18","7.01","4.09","0","0.58","1.17","0.58","0.58","0","0","0","0","0.58","2.92","0.58","0","12.85","21.02","22.15"
"105","Tanner Pearson","MTL","L","54","65.983333333333","1.2219135802469","0.91","0.91","0.91","0","1.82","40.00","8.18","11.11","1.43","15.46","10","10.91","6.37","0","0.91","1.82","0.91","0.91","0","0","0.91","1.82","0","0.91","1.82","0","1.82","1.82","45.47"
"121","Dominik Kubalik","OTT","L","74","141.93333333333","1.918018018018","1.69","0","0","0","1.69","30.77","8.45","20.00","1.61","19.02","14.37","12.26","4.65","0.42","0.85","0","0","0","0","0","0","1.27","0","1.69","2.96","0","0.42","0.85","14.09"
"132","Jason Dickinson","CHI","C","82","63.066666666667","0.76910569105691","1.9","0","0","0","1.9","40.00","9.51","20.00","1.62","14.27","12.37","9.51","7.61","0","1.9","0","0","0","0","0","0","2.85","0","3.81","2.85","0","23.78","16.17","56.63"
"136","Tyler Bertuzzi","TOR","L","80","130.35","1.629375","2.3","0.46","0.46","0","2.76","33.33","9.67","23.81","2.06","17.95","14.27","15.19","10.59","0","1.38","2.3","0.46","0","0.46","0","0.46","0.92","0.46","0.92","2.3","0","0","0.92","0.00"
"199","Nicolas Roy","VGK","C","70","115.21666666667","1.6459523809524","0.52","3.12","3.12","0","3.65","63.64","9.37","5.56","2.04","15.1","13.02","12.5","10.94","0","2.6","2.08","1.04","1.04","0","0","0","2.08","0","1.56","4.69","0","8.85","14.58","19.67"
"203","Mathieu Joseph","OTT","R","72","53.65","0.74513888888889","0","0","0","0","0","0.00","4.47","0.00","0.64","8.95","7.83","6.71","2.24","0","1.12","2.24","1.12","1.12","0","0","0","1.12","1.12","1.12","5.59","0","2.24","2.24","55.92"
"204","Lawson Crouse","ARI","L","81","127.51666666667","1.5742798353909","3.29","1.41","1.41","0","4.71","71.43","8.94","36.84","1.28","15.06","11.76","13.17","4.71","0","0.94","0","0","0","0","0","0","0.47","0","2.35","1.41","0","1.88","3.76","15.68"
"217","Luke Kunin","S.J","C","77","70.883333333333","0.92056277056277","1.69","2.54","2.54","0","4.23","83.33","6.77","25.00","1.27","13.54","11","10.16","3.39","0","2.54","1.69","0.85","0.85","0","0","0","0.85","0","0","0.85","0","7.62","14.39","29.30"
"231","Alexander Nylander","CBJ, PIT","L","28","58.016666666667","2.0720238095238","2.07","0","0","0","2.07","40.00","17.58","11.76","3.13","25.85","24.82","15.51","10.34","0","5.17","0","0","0","0","0","0","3.1","0","0","3.1","0","1.03","4.14","20.68"
"234","Brandon Hagel","T.B","L","82","98.5","1.2012195121951","1.22","3.05","3.05","0","4.26","41.18","6.7","18.18","0.99","10.96","7.31","6.09","2.44","0","1.83","0","0","0","0","0","0","1.22","0.61","0","3.65","0","1.22","0.61","40.61"
"239","Cody Glass","NSH","C","41","96.083333333333","2.3434959349593","0","0.62","0.62","0","0.62","20.00","14.36","0.00","2.87","19.98","19.98","17.48","11.86","0","2.5","2.5","1.25","1.25","0","0","0.62","1.87","0.62","0.62","2.5","0","5","6.87","26.29"
"258","Eetu Luostarinen","FLA","C","82","60.5","0.73780487804878","1.98","0","0","0","1.98","28.57","10.91","18.18","2.48","16.86","15.87","16.86","10.91","0","2.98","3.97","1.98","1.98","0","0","0","0.99","0","0","2.98","0","3.97","5.95","39.67"
"260","Emil Bemstrom","CBJ, PIT","C, R","56","69.666666666667","1.2440476190476","3.44","0.86","0.86","0","4.31","83.33","14.64","23.53","2.11","29.28","22.39","15.5","6.03","0","1.72","1.72","0.86","0.86","0","0","0","0.86","0","0","3.44","0.86","0.86","0","86.12"
"272","Jesperi Kotkaniemi","CAR","C","79","90.7","1.1481012658228","0.66","0.66","0.66","0","1.32","16.67","9.26","7.14","1.06","19.85","11.25","9.26","3.97","0","0","1.32","0.66","0.66","0","0","0","3.97","0","0.66","0.66","0","15.21","16.54","31.70"
"276","Barrett Hayton","ARI","C","33","82.966666666667","2.5141414141414","0.72","0.72","0.72","0","1.45","13.33","15.19","4.76","3.32","22.42","18.08","18.8","12.29","0","2.17","0","0","0","0","0","0","0.72","0","0","2.17","0","21.7","20.25","37.41"
"278","Adam Boqvist","CBJ","D","35","72.683333333333","2.0766666666667","0","3.3","3.3","0","3.3","80.00","9.08","0.00","1.05","26.42","13.21","12.38","2.48","0","2.48","0","0","0","0","0","0","2.48","0","0","1.65","0.83","0","0","-"
"284","Jesse Ylönen","MTL","R","59","51.333333333333","0.87005649717514","0","0","0","0","0","0.00","9.35","0.00","0.84","18.7","14.03","9.35","1.17","0","1.17","0","0","0","0","0","0","0","2.34","1.17","4.68","0","0","0","-"
"288","Bowen Byram","BUF, COL","D","73","84.083333333333","1.1518264840183","0","0.71","0.71","0","0.71","33.33","6.42","0.00","0.72","10.7","8.56","4.28","1.43","0","0.71","0","0","0","0","0","0","2.14","1.43","2.14","4.28","0","0","0","-"
"290","Trevor Zegras","ANA","C","31","76.633333333333","2.4720430107527","0.78","0","0","0","0.78","25.00","12.53","6.25","1.46","24.27","17.22","10.96","2.35","0","1.57","4.7","2.35","2.35","0","0","0","2.35","0","0.78","3.91","0","1.57","5.48","17.40"
"295","Kaapo Kakko","NYR","R","61","68.783333333333","1.1275956284153","0.87","0","0","0","0.87","25.00","2.62","33.33","1.07","9.6","7.85","8.72","6.11","0","0.87","0","0","0","0","0","0","0","0.87","0","2.62","0","0","0.87","0.00"
"298","Arthur Kaliyev","L.A","R","51","74.833333333333","1.4673202614379","2.41","0.8","0.8","0","3.21","50.00","14.43","16.67","1.46","30.47","22.45","11.22","4.01","0","3.21","1.6","0.8","0.8","0","0","0","4.01","1.6","0.8","3.21","0","0","0","-"
"303","Shane Pinto","OTT","C","41","98.683333333333","2.4069105691057","2.43","1.22","1.22","0","3.65","60.00","18.24","13.33","3.26","35.87","27.36","29.18","9.12","0","5.47","1.22","0.61","0.61","0","0","1.22","2.43","0.61","0.61","2.43","0","3.65","4.26","28.06"
"306","Ilya Mikheyev","VAN","R","78","69.466666666667","0.89059829059829","0","0","0","0","0","0.00","10.36","0.00","1.71","15.55","13.82","13.82","6.91","0","3.45","0","0","0","0","0","0.86","1.73","0","0","2.59","0","0","0.86","0.00"
"315","Ridly Greig","OTT","C","72","61.066666666667","0.84814814814815","1.97","0","0","0","1.97","40.00","5.9","33.33","1.54","11.79","10.81","9.83","7.86","0","0.98","3.93","1.97","1.97","0","0","0","0","0","0","8.84","0","3.93","9.83","28.07"
"320","Justin Barron","MTL","D","48","58.666666666667","1.2222222222222","1.02","0","0","0","1.02","33.33","6.14","16.67","0.46","17.39","9.2","7.16","0","0","0","0","0","0","0","0","0","0","0","0","1.02","0","0","0","-"
"323","Lukas Reichel","CHI","L","65","103.85","1.5976923076923","1.16","0","0","0","1.16","50.00","8.67","13.33","1.9","12.71","10.98","9.82","5.2","0","1.73","0","0","0","0","0","0","3.47","0.58","0","2.89","0.58","6.93","6.93","28.89"
"328","Jamie Drysdale","ANA, PHI","D","34","83.25","2.4485294117647","0.72","0.72","0.72","0","1.44","40.00","11.53","6.25","0.75","24.5","16.58","5.77","0.72","0","2.88","1.44","0.72","0.72","0","0","0.72","0.72","0.72","0.72","0","0.72","0","0","-"
"332","Alex Laferriere","L.A","R","81","50.666666666667","0.62551440329218","0","3.55","3.55","0","3.55","50.00","7.11","0.00","1.45","20.13","11.84","9.47","3.55","0","1.18","0","0","0","0","0","0","1.18","0","2.37","3.55","0","0","0","-"
"336","Yegor Chinakhov","CBJ","R","53","100.5","1.8962264150943","0.6","0.6","0.6","0","1.19","18.18","10.75","5.56","1.36","31.04","20.3","7.76","1.79","0","1.19","1.19","0.6","0.6","0","0","0","0.6","1.19","0","1.19","0","0","1.19","0.00"
"339","Kent Johnson","CBJ","C","42","90.633333333333","2.1579365079365","0","0","0","0","0","0.00","12.58","0.00","1.76","23.83","17.21","11.92","3.31","0","5.3","2.65","1.32","1.32","0","0","0","0.66","1.32","0","2.65","0","1.99","2.65","28.37"
"343","Matt Coronato","CGY","R","34","54.95","1.6161764705882","1.09","0","0","0","1.09","20.00","8.74","12.50","2.01","18.56","17.47","12.01","8.74","0","2.18","0","0","0","0","0","0","3.28","0","0","4.37","0","1.09","0","109.19"
"346","Cole Sillinger","CBJ","C","77","61.616666666667","0.80021645021645","0.97","0","0","0","0.97","25.00","12.66","7.69","2.02","15.58","14.61","13.63","9.74","0","0.97","0","0","0","0","0","0","1.95","0","0","1.95","0","21.42","29.21","41.20"
"350","Ryker Evans","SEA","D","36","69.6","1.9333333333333","0","4.31","4.31","0","4.31","71.43","4.31","0.00","0.43","12.93","10.34","1.72","0","0","0.86","0","0","0","0","0","0","0.86","0","2.59","3.45","0.86","0","0","-"
"354","Simon Nemec","N.J","D","60","77.483333333333","1.2913888888889","0","1.55","1.55","0","1.55","100.00","12.39","0.00","0.69","26.33","13.94","7.74","0.77","0.77","3.87","0","0","0","0","0","0","0.77","0","0.77","0.77","3.1","0","0","-"